     Antarctic_slope            Shelf_press             SO_press_down_mod
   2.5634450379710116e-01   0.0000000000000000e+00   0.0000000000000000e+00
   2.5532019555272134e-01   2.0204050158972739e+00   2.0193595768777000e+00
   2.5429588730834163e-01   4.0408298544577681e+00   4.0387389563825717e+00
   2.5327157906396180e-01   6.0612745150288267e+00   6.0581381378629890e+00
   2.5224727081958209e-01   8.0817389969577746e+00   8.0775571206672989e+00
   2.5122296257520227e-01   1.0102223299591920e+01   1.0096995904143835e+01
   2.5019865433082256e-01   1.2122727422278535e+01   1.2116454487640899e+01
   2.4917434608644273e-01   1.4143251364364883e+01   1.4135932870506782e+01
   2.4815003784206296e-01   1.6163795125198206e+01   1.6155431052089742e+01
   2.4712572959768325e-01   1.8184358704125714e+01   1.8174949031738031e+01
   2.4610142135330343e-01   2.0204942100494605e+01   2.0194486808799859e+01
   2.4507711310892369e-01   2.2225545313652052e+01   2.2214044382623428e+01
   2.4405280486454389e-01   2.4246168342945204e+01   2.4233621752556918e+01
   2.4302849662016415e-01   2.6266811187721196e+01   2.6253218917948487e+01
   2.4200418837578436e-01   2.8287473847327124e+01   2.8272835878146260e+01
   2.4097988013140462e-01   3.0308156321110090e+01   3.0292472632498352e+01
   2.3995557188702482e-01   3.2328858608417143e+01   3.2312129180352869e+01
   2.3893126364264508e-01   3.4349580708595333e+01   3.4331805521057866e+01
   2.3790695539826534e-01   3.6370322620991693e+01   3.6351501653961400e+01
   2.3688264715388560e-01   3.8391084344953200e+01   3.8371217578411482e+01
   2.3585833890950580e-01   4.0411865879826863e+01   4.0390953293756127e+01
   2.3483403066512601e-01   4.2432667224959602e+01   4.2410708799343318e+01
   2.3380972242074624e-01   4.4453488379698378e+01   4.4430484094521027e+01
   2.3278541417636647e-01   4.6474329343390096e+01   4.6450279178637174e+01
   2.3176110593198671e-01   4.8495190115381654e+01   4.8470094051039695e+01
   2.3073679768760694e-01   5.0516070695019920e+01   5.0489928711076480e+01
   2.2971248944322717e-01   5.2536971081651743e+01   5.2509783158095409e+01
   2.2868818119884740e-01   5.4557891274623941e+01   5.4529657391444331e+01
   2.2766387295446763e-01   5.6578831273283335e+01   5.6549551410471103e+01
   2.2663956471008789e-01   5.8599791076976707e+01   5.8569465214523497e+01
   2.2561525646570812e-01   6.0620770685050815e+01   6.0589398802949326e+01
   2.2459094822132833e-01   6.2641770096852412e+01   6.2609352175096362e+01
   2.2356663997694856e-01   6.4662789311728190e+01   6.4629325330312341e+01
   2.2254233173256879e-01   6.6683828329024891e+01   6.6649318267944992e+01
   2.2151802348818903e-01   6.8704887148089171e+01   6.8669330987342050e+01
   2.2049371524380926e-01   7.0725965768267670e+01   7.0689363487851153e+01
   2.1946940699942949e-01   7.2747064188907046e+01   7.2709415768819966e+01
   2.1844509875504972e-01   7.4768182409353898e+01   7.4729487829596167e+01
   2.1742079051066995e-01   7.6789320428954838e+01   7.6749579669527350e+01
   2.1639648226629019e-01   7.8810478247056423e+01   7.8769691287961138e+01
   2.1537217402191039e-01   8.0831655863005182e+01   8.0789822684245081e+01
   2.1434786577753062e-01   8.2852853276147684e+01   8.2809973857726717e+01
   2.1332355753315085e-01   8.4874070485830430e+01   8.4830144807753612e+01
   2.1229924928877111e-01   8.6895307491399862e+01   8.6850335533673274e+01
   2.1127494104439135e-01   8.8916564292202494e+01   8.8870546034833211e+01
   2.1025063280001158e-01   9.0937840887584755e+01   9.0890776310580861e+01
   2.0922632455563184e-01   9.2959137276893017e+01   9.2911026360263676e+01
   2.0820201631125207e-01   9.4980453459473779e+01   9.4931296183229122e+01
   2.0717770806687230e-01   9.7001789434673313e+01   9.6951585778824565e+01
   2.0615339982249251e-01   9.9023145201838034e+01   9.8971895146397372e+01
   2.0512909157811274e-01   1.0104452076031430e+02   1.0099222428529499e+02
   2.0410478333373297e-01   1.0306591610944838e+02   1.0301257319486467e+02
   2.0308047508935320e-01   1.0508733124858661e+02   1.0503294187445381e+02
   2.0205616684497343e-01   1.0710876617707521e+02   1.0705333032340965e+02
   2.0103185860059367e-01   1.0913022089426046e+02   1.0907373854107949e+02
   2.0000755035621390e-01   1.1115169539948860e+02   1.1109416652681062e+02
   1.9898324211183413e-01   1.1317318969210582e+02   1.1311461427995025e+02
   1.9795893386745436e-01   1.1519470377145834e+02   1.1513508179984559e+02
   1.9693462562307459e-01   1.1721623763689227e+02   1.1715556908584384e+02
   1.9591031737869483e-01   1.1923779128775378e+02   1.1917607613729218e+02
   1.9488600913431506e-01   1.2125936472338901e+02   1.2119660295353775e+02
   1.9386170088993529e-01   1.2328095794314412e+02   1.2321714953392767e+02
   1.9283739264555552e-01   1.2530257094636504e+02   1.2523771587780911e+02
   1.9181308440117575e-01   1.2732420373239798e+02   1.2725830198452910e+02
   1.9078877615679599e-01   1.2934585630058891e+02   1.2927890785343470e+02
   1.8976446791241622e-01   1.3136752865028384e+02   1.3129953348387301e+02
   1.8874015966803648e-01   1.3338922078082877e+02   1.3332017887519106e+02
   1.8771585142365671e-01   1.3541093269156971e+02   1.3534084402673582e+02
   1.8669154317927694e-01   1.3743266438185259e+02   1.3736152893785422e+02
   1.8566723493489715e-01   1.3945441585102336e+02   1.3938223360789331e+02
   1.8464292669051738e-01   1.4147618709842789e+02   1.4140295803620000e+02
   1.8361861844613761e-01   1.4349797812341214e+02   1.4342370222212122e+02
   1.8259431020175784e-01   1.4551978892532196e+02   1.4544446616500389e+02
   1.8157000195737807e-01   1.4754161950350311e+02   1.4746524986419482e+02
   1.8054569371299831e-01   1.4956346985730158e+02   1.4948605331904091e+02
   1.7952138546861854e-01   1.5158533998606305e+02   1.5150687652888905e+02
   1.7801588058463000e-01   1.5360722988913335e+02   1.5352771949308598e+02
   1.7651037570064146e-01   1.5562913956585828e+02   1.5554858221097851e+02
   1.7500487081665292e-01   1.5765106901558352e+02   1.5756946468191342e+02
   1.7349936593266441e-01   1.5967301823765484e+02   1.5959036690523752e+02
   1.7199386104867587e-01   1.6169498723141791e+02   1.6161128888029745e+02
   1.7048835616468730e-01   1.6371697599621845e+02   1.6363223060643989e+02
   1.6898285128069876e-01   1.6573898453140205e+02   1.6565319208301167e+02
   1.6747734639671022e-01   1.6776101283631453e+02   1.6767417330935942e+02
   1.6597184151272168e-01   1.6978306091030123e+02   1.6969517428482970e+02
   1.6446633662873314e-01   1.7180512875270796e+02   1.7171619500876923e+02
   1.6296083174474460e-01   1.7382721636288028e+02   1.7373723548052459e+02
   1.6145532686075606e-01   1.7584932374016364e+02   1.7575829569944236e+02
   1.5994982197676752e-01   1.7787145088390366e+02   1.7777937566486909e+02
   1.5844431709277898e-01   1.7989359779344585e+02   1.7980047537615130e+02
   1.5693881220879041e-01   1.8191576446813568e+02   1.8182159483263564e+02
   1.5543330732480187e-01   1.8393795090731862e+02   1.8384273403366848e+02
   1.5392780244081333e-01   1.8596015711034016e+02   1.8586389297859634e+02
   1.5242229755682482e-01   1.8798238307654566e+02   1.8788507166676567e+02
   1.5091679267283628e-01   1.9000462880528059e+02   1.8990627009752296e+02
   1.4941128778884774e-01   1.9202689429589034e+02   1.9192748827021461e+02
   1.4790578290485920e-01   1.9404917954772029e+02   1.9394872618418697e+02
   1.4640027802087066e-01   1.9607148456011572e+02   1.9596998383878650e+02
   1.4489477313688212e-01   1.9809380933242204e+02   1.9799126123335944e+02
   1.4338926825289358e-01   2.0011615386398444e+02   2.0001255836725224e+02
   1.4188376336890504e-01   2.0213851815414830e+02   2.0203387523981118e+02
   1.4037825848491650e-01   2.0416090220225894e+02   2.0405521185038256e+02
   1.3887275360092796e-01   2.0618330600766146e+02   2.0607656819831263e+02
   1.3736724871693942e-01   2.0820572956970119e+02   2.0809794428294771e+02
   1.3586174383295088e-01   2.1022817288772330e+02   2.1011934010363387e+02
   1.3435623894896234e-01   2.1225063596107293e+02   2.1214075565971751e+02
   1.3285073406497380e-01   2.1427311878909532e+02   2.1416219095054475e+02
   1.3134522918098526e-01   2.1629562137113558e+02   2.1618364597546170e+02
   1.2983972429699672e-01   2.1831814370653882e+02   2.1820512073381460e+02
   1.2833421941300818e-01   2.2034068579465008e+02   2.2022661522494960e+02
   1.2682871452901964e-01   2.2236324763481448e+02   2.2224812944821267e+02
   1.2532320964503110e-01   2.2438582922637715e+02   2.2426966340294999e+02
   1.2381770476104256e-01   2.2640843056868314e+02   2.2629121708850764e+02
   1.2231219987705402e-01   2.2843105166107733e+02   2.2831279050423171e+02
   1.2080669499306548e-01   2.3045369250290483e+02   2.3033438364946812e+02
   1.1930119010907694e-01   2.3247635309351057e+02   2.3235599652356285e+02
   1.1779568522508840e-01   2.3449903343223946e+02   2.3437762912586206e+02
   1.1629018034109986e-01   2.3652173351843649e+02   2.3639928145571159e+02
   1.1478467545711132e-01   2.3854445335144663e+02   2.3842095351245734e+02
   1.1327917057312278e-01   2.4056719293061460e+02   2.4044264529544537e+02
   1.1177366568913424e-01   2.4258995225528554e+02   2.4246435680402152e+02
   1.1026816080514570e-01   2.4461273132480397e+02   2.4448608803753163e+02
   1.0876265592115716e-01   2.4663553013851498e+02   2.4650783899532166e+02
   1.0725715103716862e-01   2.4865834869576329e+02   2.4852960967673732e+02
   1.0575164615318008e-01   2.5068118699589380e+02   2.5055140008112457e+02
   1.0424614126919154e-01   2.5270404503825102e+02   2.5257321020782905e+02
   1.0309855823566311e-01   2.5472692282217992e+02   2.5459504005619672e+02
   1.0195097520213467e-01   2.5674982034702515e+02   2.5661688962557321e+02
   1.0080339216860625e-01   2.5877273761213144e+02   2.5863875891530438e+02
   9.9655809135077822e-02   2.6079567461684348e+02   2.6066064792473577e+02
   9.8508226101549384e-02   2.6281863136050595e+02   2.6268255665321317e+02
   9.7360643068020947e-02   2.6484160784246342e+02   2.6470448510008237e+02
   9.6213060034492523e-02   2.6686460406206066e+02   2.6672643326468886e+02
   9.5065477000964085e-02   2.6888762001864211e+02   2.6874840114637840e+02
   9.3917893967435662e-02   2.7091065571155241e+02   2.7077038874449653e+02
   9.2770310933907224e-02   2.7293371114013621e+02   2.7279239605838882e+02
   9.1622727900378800e-02   2.7495678630373806e+02   2.7481442308740094e+02
   9.0475144866850363e-02   2.7697988120170231e+02   2.7683646983087834e+02
   8.9327561833321939e-02   2.7900299583337357e+02   2.7885853628816665e+02
   8.8179978799793515e-02   2.8102613019809638e+02   2.8088062245861147e+02
   8.7032395766265078e-02   2.8304928429521516e+02   2.8290272834155809e+02
   8.5884812732736640e-02   2.8507245812407427e+02   2.8492485393635206e+02
   8.4737229699208202e-02   2.8709565168401832e+02   2.8694699924233890e+02
   8.3589646665679779e-02   2.8911886497439150e+02   2.8896916425886394e+02
   8.2442063632151355e-02   2.9114209799453829e+02   2.9099134898527262e+02
   8.1294480598622917e-02   2.9316535074380312e+02   2.9301355342091040e+02
   8.0146897565094494e-02   2.9518862322153029e+02   2.9503577756512260e+02
   7.8999314531566056e-02   2.9721191542706396e+02   2.9705802141725462e+02
   7.7851731498037632e-02   2.9923522735974865e+02   2.9908028497665168e+02
   7.6704148464509195e-02   3.0125855901892851e+02   3.0110256824265923e+02
   7.5556565430980757e-02   3.0328191040394790e+02   3.0312487121462237e+02
   7.4408982397452333e-02   3.0530528151415092e+02   3.0514719389188667e+02
   7.3261399363923896e-02   3.0732867234888198e+02   3.0716953627379718e+02
   7.2113816330395458e-02   3.0935208290748517e+02   3.0919189835969917e+02
   7.0966233296867035e-02   3.1137551318930457e+02   3.1121428014893786e+02
   6.9818650263338611e-02   3.1339896319368455e+02   3.1323668164085836e+02
   6.8671067229810173e-02   3.1542243291996908e+02   3.1525910283480601e+02
   6.7523484196281736e-02   3.1744592236750231e+02   3.1728154373012575e+02
   6.6375901162753312e-02   3.1946943153562847e+02   3.1930400432616284e+02
   6.5228318129224874e-02   3.2149296042369156e+02   3.2132648462226251e+02
   6.4080735095696451e-02   3.2351650903103547e+02   3.2334898461776953e+02
   6.2933152062168013e-02   3.2554007735700446e+02   3.2537150431202923e+02
   6.1785569028639582e-02   3.2756366540094245e+02   3.2739404370438655e+02
   6.0637985995111152e-02   3.2958727316219353e+02   3.2941660279418664e+02
   5.9490402961582721e-02   3.3161090064010148e+02   3.3143918158077435e+02
   5.8342819928054290e-02   3.3363454783401056e+02   3.3346178006349481e+02
   5.7195236894525860e-02   3.3565821474326435e+02   3.3548439824169293e+02
   5.6047653860997429e-02   3.3768190136720699e+02   3.3750703611471363e+02
   5.4900070827468991e-02   3.3970560770518244e+02   3.3952969368190190e+02
   5.3752487793940568e-02   3.4172933375653440e+02   3.4155237094260252e+02
   5.2604904760412137e-02   3.4375307952060683e+02   3.4357506789616053e+02
   5.1457321726883699e-02   3.4577684499674348e+02   3.4559778454192065e+02
   5.0309738693355276e-02   3.4780063018428825e+02   3.4762052087922808e+02
   4.9162155659826845e-02   3.4982443508258490e+02   3.4964327690742715e+02
   4.8014572626298407e-02   3.5184825969097727e+02   3.5166605262586307e+02
   4.6866989592769977e-02   3.5387210400880906e+02   3.5368884803388033e+02
   4.6609281125861227e-02   3.5589596803542395e+02   3.5571166313082392e+02
   4.6351572658952477e-02   3.5791985177016585e+02   3.5773449791603849e+02
   4.6093864192043726e-02   3.5994375521237822e+02   3.5975735238886892e+02
   4.5836155725134983e-02   3.6196767836140481e+02   3.6178022654865970e+02
   4.5578447258226240e-02   3.6399162121658924e+02   3.6380312039475552e+02
   4.5320738791317483e-02   3.6601558377727542e+02   3.6582603392650134e+02
   4.5063030324408733e-02   3.6803956604280671e+02   3.6784896714324145e+02
   4.4805321857499990e-02   3.7006356801252673e+02   3.6987192004432080e+02
   4.4547613390591240e-02   3.7208758968577905e+02   3.7189489262908364e+02
   4.4289904923682490e-02   3.7411163106190725e+02   3.7391788489687491e+02
   4.4032196456773746e-02   3.7613569214025495e+02   3.7594089684703903e+02
   4.3774487989864989e-02   3.7815977292016555e+02   3.7796392847892054e+02
   4.3516779522956239e-02   3.8018387340098258e+02   3.7998697979186403e+02
   4.3259071056047496e-02   3.8220799358204954e+02   3.8201005078521388e+02
   4.3001362589138739e-02   3.8423213346270995e+02   3.8403314145831479e+02
   4.2743654122229996e-02   3.8625629304230716e+02   3.8605625181051101e+02
   4.2485945655321246e-02   3.8828047232018463e+02   3.8807938184114715e+02
   4.2228237188412496e-02   3.9030467129568569e+02   3.9010253154956763e+02
   4.1970528721503753e-02   3.9232888996815376e+02   3.9212570093511670e+02
   4.1712820254595002e-02   3.9435312833693223e+02   3.9414888999713901e+02
   4.1455111787686252e-02   3.9637738640136439e+02   3.9617209873497876e+02
   4.1197403320777509e-02   3.9840166416079364e+02   3.9819532714798021e+02
   4.0939694853868752e-02   4.0042596161456316e+02   4.0021857523548812e+02
   4.0681986386960009e-02   4.0245027876201635e+02   4.0224184299684629e+02
   4.0424277920051259e-02   4.0447461560249639e+02   4.0426513043139914e+02
   4.0166569453142509e-02   4.0649897213534649e+02   4.0628843753849122e+02
   3.9908860986233766e-02   4.0852334835990990e+02   4.0831176431746655e+02
   3.9651152519325009e-02   4.1054774427552985e+02   4.1033511076766939e+02
   3.9393444052416265e-02   4.1257215988154962e+02   4.1235847688844405e+02
   3.9135735585507515e-02   4.1459659517731222e+02   4.1438186267913454e+02
   3.8878027118598765e-02   4.1662105016216083e+02   4.1640526813908525e+02
   3.8620318651690022e-02   4.1864552483543855e+02   4.1842869326764014e+02
   3.8362610184781272e-02   4.2067001919648862e+02   4.2045213806414347e+02
   3.8104901717872522e-02   4.2269453324465394e+02   4.2247560252793937e+02
   3.7847193250963772e-02   4.2471906697927750e+02   4.2449908665837199e+02
   3.7589484784055022e-02   4.2674362039970259e+02   4.2652259045478507e+02
   3.7331776317146279e-02   4.2876819350527217e+02   4.2854611391652310e+02
   3.7074067850237521e-02   4.3079278629532922e+02   4.3056965704292986e+02
   3.6816359383328778e-02   4.3281739876921677e+02   4.3259321983334945e+02
   3.6558650916420028e-02   4.3484203092627763e+02   4.3461680228712584e+02
   3.6300942449511278e-02   4.3686668276585482e+02   4.3664040440360310e+02
   3.6043233982602528e-02   4.3889135428729122e+02   4.3866402618212504e+02
   3.5785525515693785e-02   4.4091604548993001e+02   4.4068766762203575e+02
   3.5527817048785035e-02   4.4294075637311369e+02   4.4271132872267907e+02
   3.5270108581876285e-02   4.4496548693618536e+02   4.4473500948339887e+02
   3.5012400114967535e-02   4.4699023717848786e+02   4.4675870990353911e+02
   3.4754691648058791e-02   4.4901500709936397e+02   4.4878242998244360e+02
   3.4496983181150034e-02   4.5103979669815641e+02   4.5080616971945619e+02
   3.4239274714241291e-02   4.5306460597420812e+02   4.5282992911392068e+02
   3.3981566247332541e-02   4.5508943492686177e+02   4.5485370816518099e+02
   3.4736683069108008e-02   4.5711428355546019e+02   4.5687750687258085e+02
   3.5491799890883476e-02   4.5913915185934599e+02   4.5890132523546384e+02
   3.6246916712658950e-02   4.6116403983786194e+02   4.6092516325317405e+02
   3.7002033534434417e-02   4.6318894749035093e+02   4.6294902092505492e+02
   3.7757150356209884e-02   4.6521387481615534e+02   4.6497289825045027e+02
   3.8512267177985358e-02   4.6723882181461778e+02   4.6699679522870377e+02
   3.9267383999760826e-02   4.6926378848508119e+02   4.6902071185915912e+02
   4.0022500821536293e-02   4.7128877482688802e+02   4.7104464814115983e+02
   4.0777617643311767e-02   4.7331378083938080e+02   4.7306860407404974e+02
   4.1532734465087234e-02   4.7533880652190237e+02   4.7509257965717234e+02
   4.2287851286862702e-02   4.7736385187379489e+02   4.7711657488987129e+02
   4.3042968108638169e-02   4.7938891689440106e+02   4.7914058977149011e+02
   4.3798084930413643e-02   4.8141400158306368e+02   4.8116462430137244e+02
   4.4553201752189117e-02   4.8343910593912472e+02   4.8318867847886139e+02
   4.5308318573964584e-02   4.8546422996192729e+02   4.8521275230330110e+02
   4.6063435395740052e-02   4.8748937365081321e+02   4.8723684577403469e+02
   4.6818552217515519e-02   4.8951453700512519e+02   4.8926095889040562e+02
   4.7573669039290986e-02   4.9153972002420585e+02   4.9128509165175763e+02
   4.8328785861066453e-02   4.9356492270739727e+02   4.9330924405743389e+02
   4.9083902682841928e-02   4.9559014505404201e+02   4.9533341610677792e+02
   4.9839019504617402e-02   4.9761538706348244e+02   4.9735760779913318e+02
   5.0594136326392869e-02   4.9964064873506061e+02   4.9938181913384284e+02
   5.1349253148168336e-02   5.0166593006811939e+02   5.0140605011025048e+02
   5.2104369969943803e-02   5.0369123106200067e+02   5.0343030072769920e+02
   5.2859486791719271e-02   5.0571655171604687e+02   5.0545457098553265e+02
   5.3614603613494738e-02   5.0774189202960008e+02   5.0747886088309366e+02
   5.4369720435270212e-02   5.0976725200200292e+02   5.0950317041972602e+02
   5.5124837257045686e-02   5.1179263163259725e+02   5.1152749959477273e+02
   5.5879954078821154e-02   5.1381803092072550e+02   5.1355184840757715e+02
   5.6635070900596621e-02   5.1584344986572978e+02   5.1557621685748234e+02
   5.7390187722372088e-02   5.1786888846695206e+02   5.1760060494383163e+02
   5.8145304544147555e-02   5.1989434672373500e+02   5.1962501266596826e+02
   5.8900421365923029e-02   5.2191982463542024e+02   5.2164944002323512e+02
   5.9655538187698504e-02   5.2394532220135011e+02   5.2367388701497555e+02
   6.0410655009473971e-02   5.2597083942086670e+02   5.2569835364053267e+02
   6.1165771831249438e-02   5.2799637629331198e+02   5.2772283989924983e+02
   6.1920888653024905e-02   5.3002193281802818e+02   5.2974734579046981e+02
   6.2676005474800373e-02   5.3204750899435714e+02   5.3177187131353571e+02
   6.3431122296575840e-02   5.3407310482164110e+02   5.3379641646779078e+02
   6.4186239118351307e-02   5.3609872029922167e+02   5.3582098125257767e+02
   6.4941355940126774e-02   5.3812435542644130e+02   5.3784556566723973e+02
   6.5696472761902255e-02   5.4015001020264174e+02   5.3987016971111973e+02
   6.6451589583677723e-02   5.4217568462716486e+02   5.4189479338356114e+02
   6.7206706405453190e-02   5.4420137869935263e+02   5.4391943668390616e+02
   6.7961823227228657e-02   5.4622709241854704e+02   5.4594409961149836e+02
   6.8716940049004124e-02   5.4825282578408974e+02   5.4796878216568041e+02
   6.9472056870779605e-02   5.5027857879532280e+02   5.4999348434579508e+02
   7.0227173692555073e-02   5.5230435145158810e+02   5.5201820615118550e+02
   7.0982290514330540e-02   5.5433014375222729e+02   5.5404294758119431e+02
   7.1737407336106007e-02   5.5635595569658244e+02   5.5606770863516465e+02
   7.3317799054838637e-02   5.5838178728399510e+02   5.5809248931243917e+02
   7.4898190773571252e-02   5.6040763851380689e+02   5.6011728961236054e+02
   7.6478582492303882e-02   5.6243350938536014e+02   5.6214210953427175e+02
   7.8058974211036511e-02   5.6445939989799604e+02   5.6416694907751560e+02
   7.9639365929769140e-02   5.6648531005105644e+02   5.6619180824143450e+02
   8.1219757648501756e-02   5.6851123984388323e+02   5.6821668702537158e+02
   8.2800149367234385e-02   5.7053718927581781e+02   5.7024158542866940e+02
   8.4380541085967015e-02   5.7256315834620182e+02   5.7226650345067060e+02
   8.5960932804699644e-02   5.7458914705437724e+02   5.7429144109071774e+02
   8.7541324523432260e-02   5.7661515539968536e+02   5.7631639834815394e+02
   8.9121716242164889e-02   5.7864118338146807e+02   5.7834137522232129e+02
   9.0702107960897504e-02   5.8066723099906665e+02   5.8036637171256280e+02
   9.2282499679630148e-02   5.8269329825182297e+02   5.8239138781822089e+02
   9.3862891398362763e-02   5.8471938513907810e+02   5.8441642353863813e+02
   9.5443283117095379e-02   5.8674549166017403e+02   5.8644147887315705e+02
   9.7023674835828008e-02   5.8877161781445204e+02   5.8846655382112033e+02
   9.8604066554560638e-02   5.9079776360125368e+02   5.9049164838187039e+02
   1.0018445827329327e-01   5.9282392901992034e+02   5.9251676255474979e+02
   1.0176484999202590e-01   5.9485011406979356e+02   5.9454189633910096e+02
   1.0334524171075851e-01   5.9687631875021475e+02   5.9656704973426633e+02
   1.0492563342949116e-01   5.9890254306052543e+02   5.9859222273958858e+02
   1.0650602514822377e-01   6.0092878700006668e+02   6.0061741535440990e+02
   1.0808641686695640e-01   6.0295505056818013e+02   6.0264262757807273e+02
   1.0966680858568902e-01   6.0498133376420731e+02   6.0466785940991963e+02
   1.1124720030442165e-01   6.0700763658748895e+02   6.0669311084929268e+02
   1.1282759202315427e-01   6.0903395903736703e+02   6.0871838189553443e+02
   1.1440798374188690e-01   6.1106030111318239e+02   6.1074367254798733e+02
   1.1598837546061952e-01   6.1308666281427656e+02   6.1276898280599346e+02
   1.1756876717935213e-01   6.1511304413999062e+02   6.1479431266889537e+02
   1.1914915889808476e-01   6.1713944508966586e+02   6.1681966213603505e+02
   1.2072955061681739e-01   6.1916586566264368e+02   6.1884503120675492e+02
   1.2230994233555002e-01   6.2119230585826517e+02   6.2087041988039721e+02
   1.2389033405428265e-01   6.2321876567587140e+02   6.2289582815630399e+02
   1.2547072577301527e-01   6.2524524511480354e+02   6.2492125603381794e+02
   1.2705111749174791e-01   6.2727174417440301e+02   6.2694670351228069e+02
   1.2863150921048053e-01   6.2929826285401066e+02   6.2897217059103457e+02
   1.3021190092921314e-01   6.3132480115296789e+02   6.3099765726942189e+02
   1.3179229264794579e-01   6.3335135907061544e+02   6.3302316354678476e+02
   1.3337268436667840e-01   6.3537793660629461e+02   6.3504868942246526e+02
   1.3495307608541102e-01   6.3740453375934624e+02   6.3707423489580526e+02
   1.3653346780414366e-01   6.3943115052911185e+02   6.3909979996614720e+02
   1.3811385952287628e-01   6.4145778691493194e+02   6.4112538463283283e+02
   1.3969425124160889e-01   6.4348444291614783e+02   6.4315098889520448e+02
   1.4127464296034153e-01   6.4551111853210034e+02   6.4517661275260389e+02
   1.4285503467907415e-01   6.4753781376213021e+02   6.4720225620437304e+02
   1.4443542639780679e-01   6.4956452860557908e+02   6.4922791924985427e+02
   1.4601581811653941e-01   6.5159126306178712e+02   6.5125360188838931e+02
   1.4759620983527202e-01   6.5361801713009572e+02   6.5327930411932005e+02
   1.4917660155400467e-01   6.5564479080984563e+02   6.5530502594198845e+02
   1.5075699327273728e-01   6.5767158410037746e+02   6.5733076735573661e+02
   1.5286855559387488e-01   6.5969839700103250e+02   6.5935652835990629e+02
   1.5498011791501248e-01   6.6172522951115150e+02   6.6138230895383924e+02
   1.5709168023615008e-01   6.6375208163007483e+02   6.6340810913687733e+02
   1.5920324255728768e-01   6.6577895335714391e+02   6.6543392890836265e+02
   1.6131480487842528e-01   6.6780584469169935e+02   6.6745976826763683e+02
   1.6342636719956288e-01   6.6983275563308155e+02   6.6948562721404164e+02
   1.6553792952070048e-01   6.7185968618063134e+02   6.7151150574691894e+02
   1.6764949184183808e-01   6.7388663633368981e+02   6.7353740386561060e+02
   1.6976105416297568e-01   6.7591360609159767e+02   6.7556332156945803e+02
   1.7187261648411328e-01   6.7794059545369510e+02   6.7758925885780332e+02
   1.7398417880525088e-01   6.7996760441932304e+02   6.7961521572998788e+02
   1.7609574112638848e-01   6.8199463298782200e+02   6.8164119218535359e+02
   1.7820730344752611e-01   6.8402168115853317e+02   6.8366718822324208e+02
   1.8031886576866368e-01   6.8604874893079659e+02   6.8569320384299488e+02
   1.8243042808980128e-01   6.8807583630395300e+02   6.8771923904395385e+02
   1.8454199041093888e-01   6.9010294327734289e+02   6.8974529382546052e+02
   1.8665355273207648e-01   6.9213006985030711e+02   6.9177136818685631e+02
   1.8876511505321408e-01   6.9415721602218593e+02   6.9379746212748296e+02
   1.9087667737435168e-01   6.9618438179231998e+02   6.9582357564668223e+02
   1.9298823969548928e-01   6.9821156716005009e+02   6.9784970874379519e+02
   1.9509980201662691e-01   7.0023877212471575e+02   6.9987586141816382e+02
   1.9721136433776448e-01   7.0226599668565848e+02   7.0190203366912931e+02
   1.9932292665890211e-01   7.0429324084221821e+02   7.0392822549603318e+02
   2.0143448898003968e-01   7.0632050459373545e+02   7.0595443689821718e+02
   2.0354605130117728e-01   7.0834778793955104e+02   7.0798066787502262e+02
   2.0565761362231488e-01   7.1037509087900446e+02   7.1000691842579079e+02
   2.0776917594345248e-01   7.1240241341143690e+02   7.1203318854986298e+02
   2.0988073826459008e-01   7.1442975553618828e+02   7.1405947824658108e+02
   2.1199230058572768e-01   7.1645711725259901e+02   7.1608578751528614e+02
   2.1410386290686528e-01   7.1848449856000980e+02   7.1811211635531947e+02
   2.1621542522800288e-01   7.2051189945776059e+02   7.2013846476602271e+02
   2.1832698754914048e-01   7.2253931994519166e+02   7.2216483274673692e+02
   2.2043854987027808e-01   7.2456676002164318e+02   7.2419122029680341e+02
   2.2255011219141568e-01   7.2659421968645563e+02   7.2621762741556347e+02
   2.2466167451255328e-01   7.2862169893896942e+02   7.2824405410235875e+02
   2.2677323683369088e-01   7.3064919777852424e+02   7.3027050035653008e+02
   2.2888479915482848e-01   7.3267671620446049e+02   7.3229696617741865e+02
   2.3099636147596608e-01   7.3470425421611867e+02   7.3432345156436588e+02
   2.3310792379710368e-01   7.3673181181283860e+02   7.3634995651671295e+02
   2.3521948611824128e-01   7.3875938899396033e+02   7.3837648103380116e+02
   2.3733104843937886e-01   7.4078698575882436e+02   7.4040302511497146e+02
   2.3944261076051648e-01   7.4281460210677074e+02   7.4242958875956515e+02
   2.4155417308165408e-01   7.4484223803713905e+02   7.4445617196692297e+02
   2.4366573540279168e-01   7.4686989354926993e+02   7.4648277473638677e+02
   2.4577729772392928e-01   7.4889756864250307e+02   7.4850939706729696e+02
   2.4788886004506688e-01   7.5092526331617864e+02   7.5053603895899471e+02
   2.5000042236620446e-01   7.5295297756963680e+02   7.5256270041082132e+02
   2.5211198468734208e-01   7.5498071140221725e+02   7.5458938142211775e+02
   2.5422354700847971e-01   7.5700846481326028e+02   7.5661608199222508e+02
   2.5633510932961728e-01   7.5903623780210569e+02   7.5864280212048425e+02
   2.5875435767540961e-01   7.6106403036809343e+02   7.6066954180623600e+02
   2.6117360602120193e-01   7.6309184251056331e+02   7.6269630104882162e+02
   2.6359285436699426e-01   7.6511967422885539e+02   7.6472307984758208e+02
   2.6601210271278664e-01   7.6714752552230948e+02   7.6674987820185811e+02
   2.6843135105857896e-01   7.6917539639026552e+02   7.6877669611099066e+02
   2.7085059940437128e-01   7.7120328683206355e+02   7.7080353357432068e+02
   2.7326984775016361e-01   7.7323119684704295e+02   7.7283039059118903e+02
   2.7568909609595599e-01   7.7525912643454387e+02   7.7485726716093643e+02
   2.7810834444174831e-01   7.7728707559390614e+02   7.7688416328290418e+02
   2.8052759278754069e-01   7.7931504432446900e+02   7.7891107895643256e+02
   2.8294684113333302e-01   7.8134303262557296e+02   7.8093801418086252e+02
   2.8536608947912534e-01   7.8337104049655750e+02   7.8296496895553503e+02
   2.8778533782491766e-01   7.8539906793676221e+02   7.8499194327979058e+02
   2.9020458617070999e-01   7.8742711494552691e+02   7.8701893715297035e+02
   2.9262383451650231e-01   7.8945518152219108e+02   7.8904595057441475e+02
   2.9504308286229464e-01   7.9148326766609466e+02   7.9107298354346449e+02
   2.9746233120808696e-01   7.9351137337657724e+02   7.9310003605946031e+02
   2.9988157955387934e-01   7.9553949865297864e+02   7.9512710812174294e+02
   3.0230082789967166e-01   7.9756764349463822e+02   7.9715419972965310e+02
   3.0472007624546404e-01   7.9959580790089535e+02   7.9918131088253131e+02
   3.0713932459125637e-01   8.0162399187109020e+02   8.0120844157971817e+02
   3.0955857293704869e-01   8.0365219540456201e+02   8.0323559182055453e+02
   3.1197782128284102e-01   8.0568041850065049e+02   8.0526276160438067e+02
   3.1439706962863334e-01   8.0770866115869478e+02   8.0728995093053732e+02
   3.1681631797442567e-01   8.0973692337803493e+02   8.0931715979836520e+02
   3.1923556632021804e-01   8.1176520515800996e+02   8.1134438820720447e+02
   3.2165481466601037e-01   8.1379350649795981e+02   8.1337163615639599e+02
   3.2407406301180269e-01   8.1582182739722350e+02   8.1539890364528014e+02
   3.2649331135759507e-01   8.1785016785514074e+02   8.1742619067319708e+02
   3.2891255970338740e-01   8.1987852787105101e+02   8.1945349723948800e+02
   3.3133180804917972e-01   8.2190690744429355e+02   8.2148082334349283e+02
   3.3375105639497205e-01   8.2393530657420774e+02   8.2350816898455219e+02
   3.3617030474076437e-01   8.2596372526013329e+02   8.2553553416200634e+02
   3.3858955308655675e-01   8.2799216350140887e+02   8.2756291887519558e+02
   3.4100880143234907e-01   8.3002062129737453e+02   8.2959032312346073e+02
   3.4342804977814140e-01   8.3204909864736931e+02   8.3161774690614197e+02
   3.4584729812393378e-01   8.3407759555073267e+02   8.3364519022257934e+02
   3.4826654646972605e-01   8.3610611200680341e+02   8.3567265307211358e+02
   3.5068579481551843e-01   8.3813464801492114e+02   8.3770013545408483e+02
   3.5310504316131075e-01   8.4016320357442510e+02   8.3972763736783327e+02
   3.5552429150710307e-01   8.4219177868465465e+02   8.4175515881269928e+02
   3.5794353985289545e-01   8.4422037334494883e+02   8.4378269978802336e+02
   3.6036278819868772e-01   8.4624898755464699e+02   8.4581026029314523e+02
   3.6278203654448010e-01   8.4827762131308816e+02   8.4783784032740562e+02
   3.6520128489027243e-01   8.5030627461961149e+02   8.4986543989014422e+02
   3.6762053323606481e-01   8.5233494747355599e+02   8.5189305898070188e+02
   3.7003978158185707e-01   8.5436363987426148e+02   8.5392069759841820e+02
   3.7245902992764945e-01   8.5639235182106620e+02   8.5594835574263357e+02
   3.7487827827344172e-01   8.5842108331330974e+02   8.5797603341268814e+02
   3.7729752661923410e-01   8.6044983435033123e+02   8.6000373060792185e+02
   3.7992854633550893e-01   8.6247860493146914e+02   8.6203144732767510e+02
   3.8255956605178376e-01   8.6450739505606350e+02   8.6405918357128769e+02
   3.8519058576805859e-01   8.6653620472345210e+02   8.6608693933809980e+02
   3.8782160548433348e-01   8.6856503393297510e+02   8.6811471462745158e+02
   3.9045262520060831e-01   8.7059388268397072e+02   8.7014250943868285e+02
   3.9308364491688313e-01   8.7262275097577867e+02   8.7217032377113424e+02
   3.9571466463315796e-01   8.7465163880773707e+02   8.7419815762414498e+02
   3.9834568434943279e-01   8.7668054617918540e+02   8.7622601099705503e+02
   4.0097670406570762e-01   8.7870947308946256e+02   8.7825388388920487e+02
   4.0360772378198245e-01   8.8073841953790713e+02   8.8028177629993411e+02
   4.0623874349825734e-01   8.8276738552385814e+02   8.8230968822858313e+02
   4.0886976321453211e-01   8.8479637104665449e+02   8.8433761967449118e+02
   4.1150078293080700e-01   8.8682537610563520e+02   8.8636557063699854e+02
   4.1413180264708183e-01   8.8885440070013874e+02   8.8839354111544492e+02
   4.1676282236335660e-01   8.9088344482950436e+02   8.9042153110917059e+02
   4.1939384207963148e-01   8.9291250849307039e+02   8.9244954061751469e+02
   4.2202486179590626e-01   8.9494159169017598e+02   8.9447756963981794e+02
   4.2465588151218114e-01   8.9697069442016004e+02   8.9650561817541916e+02
   4.2728690122845603e-01   8.9899981668236103e+02   8.9853368622365917e+02
   4.2991792094473080e-01   9.0102895847611740e+02   9.0056177378387667e+02
   4.3254894066100569e-01   9.0305811980076840e+02   9.0258988085541216e+02
   4.3517996037728052e-01   9.0508730065565226e+02   9.0461800743760523e+02
   4.3781098009355535e-01   9.0711650104010778e+02   9.0664615352979558e+02
   4.4044199980983018e-01   9.0914572095347410e+02   9.0867431913132305e+02
   4.4307301952610501e-01   9.1117496039508956e+02   9.1070250424152675e+02
   4.4570403924237989e-01   9.1320421936429261e+02   9.1273070885974687e+02
   4.4833505895865466e-01   9.1523349786042195e+02   9.1475893298532321e+02
   4.5096607867492955e-01   9.1726279588281591e+02   9.1678717661759481e+02
   4.5359709839120432e-01   9.1929211343081374e+02   9.1881543975590182e+02
   4.5622811810747915e-01   9.2132145050375368e+02   9.2084372239958373e+02
   4.5885913782375398e-01   9.2335080710097407e+02   9.2287202454797989e+02
   4.6149015754002887e-01   9.2538018322181347e+02   9.2490034620043025e+02
   4.6412117725630364e-01   9.2740957886561080e+02   9.2692868735627405e+02
   4.6675219697257853e-01   9.2943899403170394e+02   9.2895704801485090e+02
   4.6938321668885336e-01   9.3146842871943193e+02   9.3098542817550026e+02
   4.7201423640512818e-01   9.3349788292813275e+02   9.3301382783756185e+02
   4.7464525612140301e-01   9.3552735665714533e+02   9.3504224700037491e+02
   4.7727627583767790e-01   9.3755684990580755e+02   9.3707068566327905e+02
   4.7990729555395273e-01   9.3958636267345832e+02   9.3909914382561374e+02
   4.8253831527022756e-01   9.4161589495943565e+02   9.4112762148671811e+02
   4.8516933498650239e-01   9.4364544676307821e+02   9.4315611864593177e+02
   4.8780035470277722e-01   9.4567501808372413e+02   9.4518463530259430e+02
   4.9043137441905205e-01   9.4770460892071185e+02   9.4721317145604530e+02
   4.9306239413532688e-01   9.4973421927337972e+02   9.4924172710562357e+02
   4.9569341385160176e-01   9.5176384914106598e+02   9.5127030225066835e+02
   4.9832443356787653e-01   9.5379349852310906e+02   9.5329889689051959e+02
   5.0095545328415136e-01   9.5582316741884677e+02   9.5532751102451630e+02
   5.0358647300042625e-01   9.5785285582761799e+02   9.5735614465199785e+02
   5.0621749271670102e-01   9.5988256374876039e+02   9.5938479777230316e+02
   5.0884851243297591e-01   9.6191229118161266e+02   9.6141347038477193e+02
   5.1165221292770435e-01   9.6394203812551291e+02   9.6344216248874329e+02
   5.1445591342243291e-01   9.6597180457979925e+02   9.6547087408355662e+02
   5.1725961391716135e-01   9.6800159054380958e+02   9.6749960516855072e+02
   5.2006331441188980e-01   9.7003139601688213e+02   9.6952835574306505e+02
   5.2286701490661835e-01   9.7206122099835545e+02   9.7155712580643876e+02
   5.2567071540134680e-01   9.7409106548756756e+02   9.7358591535801122e+02
   5.2847441589607524e-01   9.7612092948385646e+02   9.7561472439712122e+02
   5.3127811639080380e-01   9.7815081298655991e+02   9.7764355292310790e+02
   5.3408181688553225e-01   9.8018071599501661e+02   9.7967240093531098e+02
   5.3688551738026069e-01   9.8221063850856410e+02   9.8170126843306855e+02
   5.3968921787498925e-01   9.8424058052654061e+02   9.8373015541572033e+02
   5.4249291836971769e-01   9.8627054204828391e+02   9.8575906188260558e+02
   5.4529661886444614e-01   9.8830052307313224e+02   9.8778798783306286e+02
   5.4810031935917458e-01   9.9033052360042404e+02   9.8981693326643142e+02
   5.5090401985390314e-01   9.9236054362949619e+02   9.9184589818205029e+02
   5.5370772034863158e-01   9.9439058315968748e+02   9.9387488257925850e+02
   5.5651142084336003e-01   9.9642064219033591e+02   9.9590388645739495e+02
   5.5931512133808858e-01   9.9845072072077880e+02   9.9793290981579821e+02
   5.6211882183281703e-01   1.0004808187503544e+03   9.9996195265380788e+02
   5.6492252232754547e-01   1.0025109362784005e+03   1.0019910149707625e+03
   5.6772622282227403e-01   1.0045410733042554e+03   1.0040200967660016e+03
   5.7052992331700247e-01   1.0065712298272562e+03   1.0060491980388631e+03
   5.7333362381173103e-01   1.0086014058467410e+03   1.0080783187886864e+03
   5.7613732430645948e-01   1.0106316013620484e+03   1.0101074590148104e+03
   5.7894102480118792e-01   1.0126618163725149e+03   1.0121366187165743e+03
   5.8174472529591637e-01   1.0146920508774791e+03   1.0141657978933157e+03
   5.8454842579064492e-01   1.0167223048762786e+03   1.0161949965443748e+03
   5.8735212628537337e-01   1.0187525783682510e+03   1.0182242146690896e+03
   5.9015582678010181e-01   1.0207828713527342e+03   1.0202534522667989e+03
   5.9295952727483037e-01   1.0228131838290661e+03   1.0222827093368421e+03
   5.9576322776955881e-01   1.0248435157965839e+03   1.0243119858785572e+03
   5.9856692826428726e-01   1.0268738672546260e+03   1.0263412818912834e+03
   6.0137062875901581e-01   1.0289042382025295e+03   1.0283705973743592e+03
   6.0417432925374426e-01   1.0309346286396321e+03   1.0303999323271232e+03
   6.0697802974847270e-01   1.0329650385652715e+03   1.0324292867489144e+03
   6.0978173024320115e-01   1.0349954679787854e+03   1.0344586606390710e+03
   6.1258543073792970e-01   1.0370259168795114e+03   1.0364880539969324e+03
   6.1538913123265815e-01   1.0390563852667872e+03   1.0385174668218365e+03
   6.1819283172738670e-01   1.0410868731399501e+03   1.0405468991131227e+03
   6.2099653222211504e-01   1.0431173804983375e+03   1.0425763508701282e+03
   6.2380023271684359e-01   1.0451479073412877e+03   1.0446058220921930e+03
   6.2660393321157204e-01   1.0471784536681373e+03   1.0466353127786554e+03
   6.2940763370630060e-01   1.0492090194782245e+03   1.0486648229288533e+03
   6.3221133420102915e-01   1.0512396047708867e+03   1.0506943525421254e+03
   6.3501503469575749e-01   1.0532702095454608e+03   1.0527239016178105e+03
   6.3781873519048604e-01   1.0553008338012849e+03   1.0547534701552474e+03
   6.4062243568521449e-01   1.0573314775376957e+03   1.0567830581537742e+03
   6.4342613617994304e-01   1.0593621407540318e+03   1.0588126656127290e+03
   6.4622983667467138e-01   1.0613928234496295e+03   1.0608422925314512e+03
   6.4903353716939993e-01   1.0634235256238271e+03   1.0628719389092785e+03
   6.5190214145440706e-01   1.0654542472759611e+03   1.0649016047455493e+03
   6.5477074573941418e-01   1.0674849884053694e+03   1.0669312900396021e+03
   6.5763935002442131e-01   1.0695157490113891e+03   1.0689609947907757e+03
   6.6050795430942855e-01   1.0715465290933578e+03   1.0709907189984081e+03
   6.6337655859443556e-01   1.0735773286506121e+03   1.0730204626618377e+03
   6.6624516287944280e-01   1.0756081476824902e+03   1.0750502257804026e+03
   6.6911376716444992e-01   1.0776389861883292e+03   1.0770800083534416e+03
   6.7198237144945694e-01   1.0796698441674657e+03   1.0791098103802929e+03
   6.7485097573446418e-01   1.0817007216192378e+03   1.0811396318602945e+03
   6.7771958001947130e-01   1.0837316185429822e+03   1.0831694727927847e+03
   6.8058818430447843e-01   1.0857625349380362e+03   1.0851993331771018e+03
   6.8345678858948555e-01   1.0877934708037369e+03   1.0872292130125845e+03
   6.8632539287449268e-01   1.0898244261394218e+03   1.0892591122985707e+03
   6.8919399715949980e-01   1.0918554009444279e+03   1.0912890310343985e+03
   6.9206260144450693e-01   1.0938863952180920e+03   1.0933189692194060e+03
   6.9493120572951406e-01   1.0959174089597518e+03   1.0953489268529315e+03
   6.9779981001452118e-01   1.0979484421687441e+03   1.0973789039343133e+03
   7.0066841429952831e-01   1.0999794948444062e+03   1.0994089004628897e+03
   7.0353701858453555e-01   1.1020105669860748e+03   1.1014389164379982e+03
   7.0640562286954267e-01   1.1040416585930873e+03   1.1034689518589776e+03
   7.0927422715454980e-01   1.1060727696647807e+03   1.1054990067251654e+03
   7.1214283143955692e-01   1.1081039002004920e+03   1.1075290810358999e+03
   7.1501143572456405e-01   1.1101350501995582e+03   1.1095591747905198e+03
   7.1788004000957106e-01   1.1121662196613161e+03   1.1115892879883620e+03
   7.2074864429457830e-01   1.1141974085851032e+03   1.1136194206287651e+03
   7.2361724857958554e-01   1.1162286169702563e+03   1.1156495727110675e+03
   7.2648585286459255e-01   1.1182598448161120e+03   1.1176797442346067e+03
   7.2935445714959979e-01   1.1202910921220071e+03   1.1197099351987206e+03
   7.3222306143460680e-01   1.1223223588872795e+03   1.1217401456027474e+03
   7.3509166571961393e-01   1.1243536451112655e+03   1.1237703754460251e+03
   7.3796027000462106e-01   1.1263849507933014e+03   1.1258006247278915e+03
   7.4082887428962818e-01   1.1284162759327251e+03   1.1278308934476847e+03
   7.4369747857463542e-01   1.1304476205288727e+03   1.1298611816047423e+03
   7.4656608285964254e-01   1.1324789845810815e+03   1.1318914891984027e+03
   7.4943468714464967e-01   1.1345103680886884e+03   1.1339218162280031e+03
   7.5230329142965680e-01   1.1365417710510299e+03   1.1359521626928820e+03
   7.5517189571466381e-01   1.1385731934674425e+03   1.1379825285923764e+03
   7.5804049999967105e-01   1.1406046353372635e+03   1.1400129139258252e+03
   7.6090910428467817e-01   1.1426360966598299e+03   1.1420433186925654e+03
   7.6377770856968530e-01   1.1446675774344776e+03   1.1440737428919351e+03
   7.6664631285469254e-01   1.1466990776605439e+03   1.1461041865232719e+03
   7.6951491713969955e-01   1.1487305973373657e+03   1.1481346495859138e+03
   7.7238352142470668e-01   1.1507621364642791e+03   1.1501651320791987e+03
   7.7525212570971380e-01   1.1527936950406215e+03   1.1521956340024637e+03
   7.7812072999472104e-01   1.1548252730657289e+03   1.1542261553550475e+03
   7.8098933427972816e-01   1.1568568705389378e+03   1.1562566961362863e+03
   7.8385793856473529e-01   1.1588884874595856e+03   1.1582872563455192e+03
   7.8672654284974231e-01   1.1609201238270089e+03   1.1603178359820834e+03
   7.8959514713474954e-01   1.1629517796405435e+03   1.1623484350453161e+03
   7.9246375141975667e-01   1.1649834548995264e+03   1.1643790535345559e+03
   7.9514242754597242e-01   1.1670151496032945e+03   1.1664096914491392e+03
   7.9782110367218828e-01   1.1690468637511842e+03   1.1684403487884047e+03
   8.0049977979840414e-01   1.1710785973425316e+03   1.1704710255516891e+03
   8.0317845592462012e-01   1.1731103503766738e+03   1.1725017217383308e+03
   8.0585713205083587e-01   1.1751421228529466e+03   1.1745324373476667e+03
   8.0853580817705173e-01   1.1771739147706874e+03   1.1765631723790343e+03
   8.1121448430326748e-01   1.1792057261292318e+03   1.1785939268317723e+03
   8.1389316042948323e-01   1.1812375569279172e+03   1.1806247007052166e+03
   8.1657183655569932e-01   1.1832694071660790e+03   1.1826554939987057e+03
   8.1925051268191518e-01   1.1853012768430551e+03   1.1846863067115767e+03
   8.2192918880813093e-01   1.1873331659581800e+03   1.1867171388431668e+03
   8.2460786493434668e-01   1.1893650745107914e+03   1.1887479903928142e+03
   8.2728654106056254e-01   1.1913970025002254e+03   1.1907788613598561e+03
   8.2996521718677840e-01   1.1934289499258184e+03   1.1928097517436297e+03
   8.3264389331299427e-01   1.1954609167869062e+03   1.1948406615434719e+03
   8.3532256943921002e-01   1.1974929030828262e+03   1.1968715907587211e+03
   8.3800124556542577e-01   1.1995249088129140e+03   1.1989025393887141e+03
   8.4067992169164174e-01   1.2015569339765061e+03   1.2009335074327882e+03
   8.4335859781785760e-01   1.2035889785729385e+03   1.2029644948902812e+03
   8.4603727394407335e-01   1.2056210426015477e+03   1.2049955017605298e+03
   8.4871595007028922e-01   1.2076531260616705e+03   1.2070265280428721e+03
   8.5139462619650508e-01   1.2096852289526419e+03   1.2090575737366444e+03
   8.5407330232272094e-01   1.2117173512737993e+03   1.2110886388411850e+03
   8.5675197844893680e-01   1.2137494930244782e+03   1.2131197233558300e+03
   8.5943065457515266e-01   1.2157816542040152e+03   1.2151508272799178e+03
   8.6210933070136841e-01   1.2178138348117461e+03   1.2171819506127847e+03
   8.6478800682758428e-01   1.2198460348470076e+03   1.2192130933537685e+03
   8.6746668295380014e-01   1.2218782543091356e+03   1.2212442555022064e+03
   8.7014535908001589e-01   1.2239104931974662e+03   1.2232754370574353e+03
   8.7282403520623175e-01   1.2259427515113350e+03   1.2253066380187922e+03
   8.7550271133244761e-01   1.2279750292500787e+03   1.2273378583856149e+03
   8.7818138745866348e-01   1.2300073264130335e+03   1.2293690981572399e+03
   8.8086006358487934e-01   1.2320396429995353e+03   1.2314003573330046e+03
   8.8353873971109509e-01   1.2340719790089202e+03   1.2334316359122465e+03
   8.8621741583731095e-01   1.2361043344405241e+03   1.2354629338943018e+03
   8.8889609196352692e-01   1.2381367092936830e+03   1.2374942512785083e+03
   8.9157476808974268e-01   1.2401691035677331e+03   1.2395255880642030e+03
   8.9425344421595854e-01   1.2422015172620104e+03   1.2415569442507224e+03
   8.9693212034217429e-01   1.2442339503758506e+03   1.2435883198374038e+03
   8.9961079646839015e-01   1.2462664029085897e+03   1.2456197148235842e+03
   9.0228947259460601e-01   1.2482988748595642e+03   1.2476511292086013e+03
   9.0496814872082187e-01   1.2503313662281093e+03   1.2496825629917912e+03
   9.0764682484703774e-01   1.2523638770135613e+03   1.2517140161724910e+03
   9.1032550097325349e-01   1.2543964072152560e+03   1.2537454887500380e+03
   9.1300417709946935e-01   1.2564289568325298e+03   1.2557769807237689e+03
   9.1568285322568521e-01   1.2584615258647173e+03   1.2578084920930203e+03
   9.1836152935190096e-01   1.2604941143111557e+03   1.2598400228571300e+03
   9.2104020547811694e-01   1.2625267221711802e+03   1.2618715730154338e+03
   9.2371888160433269e-01   1.2645593494441271e+03   1.2639031425672695e+03
   9.2639755773054855e-01   1.2665919961293314e+03   1.2659347315119737e+03
   9.2851919819413098e-01   1.2686246622261297e+03   1.2679663398488829e+03
   9.3064083865771352e-01   1.2706573477338568e+03   1.2699979675773341e+03
   9.3276247912129595e-01   1.2726900526518498e+03   1.2720296146966641e+03
   9.3488411958487860e-01   1.2747227769794433e+03   1.2740612812062100e+03
   9.3700576004846103e-01   1.2767555207159739e+03   1.2760929671053084e+03
   9.3912740051204346e-01   1.2787882838607766e+03   1.2781246723932961e+03
   9.4124904097562601e-01   1.2808210664131875e+03   1.2801563970695097e+03
   9.4337068143920844e-01   1.2828538683725426e+03   1.2821881411332854e+03
   9.4549232190279109e-01   1.2848866897381765e+03   1.2842199045839616e+03
   9.4761396236637352e-01   1.2869195305094261e+03   1.2862516874208734e+03
   9.4973560282995595e-01   1.2889523906856261e+03   1.2882834896433583e+03
   9.5185724329353838e-01   1.2909852702661128e+03   1.2903153112507523e+03
   9.5397888375712081e-01   1.2930181692502215e+03   1.2923471522423929e+03
   9.5610052422070346e-01   1.2950510876372878e+03   1.2943790126176164e+03
   9.5822216468428589e-01   1.2970840254266477e+03   1.2964108923757594e+03
   9.6034380514786832e-01   1.2991169826176356e+03   1.2984427915161580e+03
   9.6246544561145075e-01   1.3011499592095884e+03   1.3004747100381496e+03
   9.6458708607503330e-01   1.3031829552018407e+03   1.3025066479410707e+03
   9.6670872653861584e-01   1.3052159705937288e+03   1.3045386052242577e+03
   9.6883036700219827e-01   1.3072490053845875e+03   1.3065705818870463e+03
   9.7095200746578081e-01   1.3092820595737530e+03   1.3086025779287745e+03
   9.7307364792936335e-01   1.3113151331605607e+03   1.3106345933487785e+03
   9.7519528839294578e-01   1.3133482261443448e+03   1.3126666281463945e+03
   9.7731692885652821e-01   1.3153813385244425e+03   1.3146986823209586e+03
   9.7943856932011075e-01   1.3174144703001880e+03   1.3167307558718076e+03
   9.8156020978369329e-01   1.3194476214709173e+03   1.3187628487982786e+03
   9.8368185024727572e-01   1.3214807920359660e+03   1.3207949610997066e+03
   9.8580349071085815e-01   1.3235139819946692e+03   1.3228270927754302e+03
   9.8792513117444059e-01   1.3255471913463618e+03   1.3248592438247836e+03
   9.9004677163802324e-01   1.3275804200903797e+03   1.3268914142471046e+03
   9.9216841210160567e-01   1.3296136682260581e+03   1.3289236040417290e+03
   9.9429005256518821e-01   1.3316469357527326e+03   1.3309558132079935e+03
   9.9641169302877064e-01   1.3336802226697382e+03   1.3329880417452343e+03
   9.9853333349235318e-01   1.3357135289764103e+03   1.3350202896527878e+03
   1.0006549739559356e+00   1.3377468546720843e+03   1.3370525569299903e+03
   1.0027766144195180e+00   1.3397801997560953e+03   1.3390848435761782e+03
   1.0048982548831005e+00   1.3418135642277784e+03   1.3411171495906879e+03
   1.0070198953466831e+00   1.3438469480864692e+03   1.3431494749728549e+03
   1.0091415358102656e+00   1.3458803513315033e+03   1.3451818197220171e+03
   1.0112631762738480e+00   1.3479137739622149e+03   1.3472141838375092e+03
   1.0133848167374306e+00   1.3499472159779395e+03   1.3492465673186682e+03
   1.0155064572010131e+00   1.3519806773780128e+03   1.3512789701648298e+03
   1.0176280976645955e+00   1.3540141581617700e+03   1.3533113923753310e+03
   1.0197497381281779e+00   1.3560476583285451e+03   1.3553438339495074e+03
   1.0218713785917606e+00   1.3580811778776745e+03   1.3573762948866952e+03
   1.0239930190553430e+00   1.3601147168084929e+03   1.3594087751862312e+03
   1.0261146595189254e+00   1.3621482751203353e+03   1.3614412748474506e+03
   1.0282362999825081e+00   1.3641818528125368e+03   1.3634737938696906e+03
   1.0303579404460905e+00   1.3662154498844327e+03   1.3655063322522860e+03
   1.0324795809096730e+00   1.3682490663353578e+03   1.3675388899945740e+03
   1.0337029223451997e+00   1.3702827021646474e+03   1.3695714670958905e+03
   1.0349262637807264e+00   1.3723163573716363e+03   1.3716040635555714e+03
   1.0361496052162531e+00   1.3743500319556595e+03   1.3736366793729528e+03
   1.0373729466517800e+00   1.3763837259160523e+03   1.3756693145473710e+03
   1.0385962880873068e+00   1.3784174392521500e+03   1.3777019690781617e+03
   1.0398196295228335e+00   1.3804511719632860e+03   1.3797346429646614e+03
   1.0410429709583602e+00   1.3824849240487974e+03   1.3817673362062055e+03
   1.0422663123938869e+00   1.3845186955080178e+03   1.3838000488021303e+03
   1.0434896538294138e+00   1.3865524863402820e+03   1.3858327807517717e+03
   1.0447129952649405e+00   1.3885862965449257e+03   1.3878655320544656e+03
   1.0459363367004673e+00   1.3906201261212834e+03   1.3898983027095485e+03
   1.0471596781359942e+00   1.3926539750686902e+03   1.3919310927163551e+03
   1.0483830195715207e+00   1.3946878433864811e+03   1.3939639020742231e+03
   1.0496063610070474e+00   1.3967217310739902e+03   1.3959967307824870e+03
   1.0508297024425741e+00   1.3987556381305531e+03   1.3980295788404831e+03
   1.0520530438781011e+00   1.4007895645555043e+03   1.4000624462475475e+03
   1.0532763853136278e+00   1.4028235103481786e+03   1.4020953330030159e+03
   1.0544997267491545e+00   1.4048574755079110e+03   1.4041282391062241e+03
   1.0557230681846814e+00   1.4068914600340363e+03   1.4061611645565081e+03
   1.0569464096202081e+00   1.4089254639258886e+03   1.4081941093532037e+03
   1.0581697510557349e+00   1.4109594871828037e+03   1.4102270734956462e+03
   1.0593930924912616e+00   1.4129935298041160e+03   1.4122600569831718e+03
   1.0606164339267883e+00   1.4150275917891597e+03   1.4142930598151172e+03
   1.0618397753623152e+00   1.4170616731372704e+03   1.4163260819908162e+03
   1.0630631167978417e+00   1.4190957738477819e+03   1.4183591235096064e+03
   1.0642864582333686e+00   1.4211298939200296e+03   1.4203921843708224e+03
   1.0655097996688954e+00   1.4231640333533478e+03   1.4224252645738002e+03
   1.0667331411044221e+00   1.4251981921470710e+03   1.4244583641178758e+03
   1.0679564825399488e+00   1.4272323703005345e+03   1.4264914830023852e+03
   1.0691798239754755e+00   1.4292665678130718e+03   1.4285246212266625e+03
   1.0704031654110024e+00   1.4313007846840189e+03   1.4305577787900452e+03
   1.0716265068465289e+00   1.4333350209127098e+03   1.4325909556918680e+03
   1.0728498482820559e+00   1.4353692764984787e+03   1.4346241519314665e+03
   1.0740731897175826e+00   1.4374035514406603e+03   1.4366573675081768e+03
   1.0752965311531093e+00   1.4394378457385899e+03   1.4386906024213342e+03
   1.0765198725886360e+00   1.4414721593916011e+03   1.4407238566702747e+03
   1.0777432140241630e+00   1.4435064923990290e+03   1.4427571302543327e+03
   1.0789665554596897e+00   1.4455408447602076e+03   1.4447904231728448e+03
   1.0801898968952164e+00   1.4475752164744717e+03   1.4468237354251471e+03
   1.0814132383307431e+00   1.4496096075411565e+03   1.4488570670105737e+03
   1.0826365797662700e+00   1.4516440179595957e+03   1.4508904179284611e+03
   1.0838599212017965e+00   1.4536784477291233e+03   1.4529237881781444e+03
   1.0850832626373235e+00   1.4557128968490747e+03   1.4549571777589597e+03
   1.0863066040728502e+00   1.4577473653187840e+03   1.4569905866702418e+03
   1.0875299455083769e+00   1.4597818531375851e+03   1.4590240149113258e+03
   1.0887532869439038e+00   1.4618163603048133e+03   1.4610574624815483e+03
   1.0899766283794303e+00   1.4638508868198023e+03   1.4630909293802436e+03
   1.0911999698149573e+00   1.4658854326818869e+03   1.4651244156067485e+03
   1.0924233112504840e+00   1.4679199978904014e+03   1.4671579211603971e+03
   1.0936466526860107e+00   1.4699545824446798e+03   1.4691914460405253e+03
   1.0938194733619344e+00   1.4719891863440566e+03   1.4712249902464689e+03
   1.0939922940378584e+00   1.4740238095878663e+03   1.4732585537775619e+03
   1.0941651147137819e+00   1.4760584521754433e+03   1.4752921366331416e+03
   1.0943379353897060e+00   1.4780931141061214e+03   1.4773257388125419e+03
   1.0945107560656295e+00   1.4801277953792353e+03   1.4793593603150985e+03
   1.0946835767415533e+00   1.4821624959941187e+03   1.4813930011401471e+03
   1.0948563974174772e+00   1.4841972159501063e+03   1.4834266612870222e+03
   1.0950292180934009e+00   1.4862319552465328e+03   1.4854603407550601e+03
   1.0952020387693246e+00   1.4882667138827321e+03   1.4874940395435951e+03
   1.0953748594452484e+00   1.4903014918580373e+03   1.4895277576519629e+03
   1.0955476801211723e+00   1.4923362891717841e+03   1.4915614950794993e+03
   1.0957205007970958e+00   1.4943711058233062e+03   1.4935952518255383e+03
   1.0958933214730198e+00   1.4964059418119371e+03   1.4956290278894162e+03
   1.0960661421489435e+00   1.4984407971370122e+03   1.4976628232704679e+03
   1.0962389628248672e+00   1.5004756717978642e+03   1.4996966379680282e+03
   1.0964117835007909e+00   1.5025105657938286e+03   1.5017304719814319e+03
   1.0965846041767149e+00   1.5045454791242385e+03   1.5037643253100159e+03
   1.0967574248526386e+00   1.5065804117884286e+03   1.5057981979531137e+03
   1.0969302455285623e+00   1.5086153637857328e+03   1.5078320899100613e+03
   1.0971030662044861e+00   1.5106503351154847e+03   1.5098660011801931e+03
   1.0972758868804100e+00   1.5126853257770188e+03   1.5118999317628450e+03
   1.0974487075563337e+00   1.5147203357696696e+03   1.5139338816573513e+03
   1.0976215282322577e+00   1.5167553650927703e+03   1.5159678508630475e+03
   1.0977943489081812e+00   1.5187904137456553e+03   1.5180018393792686e+03
   1.0979671695841051e+00   1.5208254817276581e+03   1.5200358472053499e+03
   1.0981399902600288e+00   1.5228605690381139e+03   1.5220698743406265e+03
   1.0983128109359526e+00   1.5248956756763553e+03   1.5241039207844324e+03
   1.0984856316118763e+00   1.5269308016417169e+03   1.5261379865361039e+03
   1.0986584522878000e+00   1.5289659469335331e+03   1.5281720715949757e+03
   1.0988312729637240e+00   1.5310011115511365e+03   1.5302061759603816e+03
   1.0990040936396477e+00   1.5330362954938623e+03   1.5322402996316580e+03
   1.0991769143155714e+00   1.5350714987610440e+03   1.5342744426081392e+03
   1.0993497349914951e+00   1.5371067213520153e+03   1.5363086048891605e+03
   1.0995225556674189e+00   1.5391419632661105e+03   1.5383427864740561e+03
   1.0996953763433428e+00   1.5411772245026627e+03   1.5403769873621616e+03
   1.0998681970192665e+00   1.5432125050610064e+03   1.5424112075528119e+03
   1.1000410176951902e+00   1.5452478049404751e+03   1.5444454470453418e+03
   1.1002138383711140e+00   1.5472831241404024e+03   1.5464797058390855e+03
   1.1003866590470379e+00   1.5493184626601228e+03   1.5485139839333788e+03
   1.1005594797229616e+00   1.5513538204989700e+03   1.5505482813275560e+03
   1.1007323003988854e+00   1.5533891976562777e+03   1.5525825980209524e+03
   1.1009051210748091e+00   1.5554245941313786e+03   1.5546169340129024e+03
   1.1010779417507330e+00   1.5574600099236079e+03   1.5566512893027405e+03
   1.1012507624266568e+00   1.5594954450322991e+03   1.5586856638898023e+03
   1.1014235831025805e+00   1.5615308994567849e+03   1.5607200577734220e+03
   1.1015964037785042e+00   1.5635663731964000e+03   1.5627544709529343e+03
   1.1017692244544282e+00   1.5656018662504780e+03   1.5647889034276748e+03
   1.1019420451303517e+00   1.5676373786183522e+03   1.5668233551969770e+03
   1.1021148658062756e+00   1.5696729102993563e+03   1.5688578262601766e+03
   1.1022876864821993e+00   1.5717084612928243e+03   1.5708923166166078e+03
   1.1015368873483000e+00   1.5737440315980896e+03   1.5729268262656051e+03
   1.1007860882144005e+00   1.5757796212144856e+03   1.5749613552065039e+03
   1.1000352890805014e+00   1.5778152301413468e+03   1.5769959034386386e+03
   1.0992844899466021e+00   1.5798508583780058e+03   1.5790304709613433e+03
   1.0985336908127026e+00   1.5818865059237962e+03   1.5810650577739536e+03
   1.0977828916788033e+00   1.5839221727780525e+03   1.5830996638758036e+03
   1.0970320925449040e+00   1.5859578589401078e+03   1.5851342892662274e+03
   1.0962812934110047e+00   1.5879935644092952e+03   1.5871689339445604e+03
   1.0955304942771054e+00   1.5900292891849488e+03   1.5892035979101365e+03
   1.0947796951432061e+00   1.5920650332664020e+03   1.5912382811622911e+03
   1.0940288960093065e+00   1.5941007966529880e+03   1.5932729837003581e+03
   1.0932780968754072e+00   1.5961365793440402e+03   1.5953077055236724e+03
   1.0925272977415079e+00   1.5981723813388935e+03   1.5973424466315682e+03
   1.0917764986076084e+00   1.6002082026368792e+03   1.5993772070233806e+03
   1.0910256994737091e+00   1.6022440432373326e+03   1.6014119866984431e+03
   1.0902749003398098e+00   1.6042799031395857e+03   1.6034467856560916e+03
   1.0895241012059103e+00   1.6063157823429729e+03   1.6054816038956596e+03
   1.0887733020720112e+00   1.6083516808468271e+03   1.6075164414164815e+03
   1.0880225029381119e+00   1.6103875986504822e+03   1.6095512982178921e+03
   1.0872717038042126e+00   1.6124235357532714e+03   1.6115861742992258e+03
   1.0865209046703133e+00   1.6144594921545277e+03   1.6136210696598168e+03
   1.0857701055364140e+00   1.6164954678535848e+03   1.6156559842989998e+03
   1.0850193064025144e+00   1.6185314628497756e+03   1.6176909182161091e+03
   1.0842685072686149e+00   1.6205674771424342e+03   1.6197258714104794e+03
   1.0835177081347158e+00   1.6226035107308930e+03   1.6217608438814448e+03
   1.0827669090008163e+00   1.6246395636144866e+03   1.6237958356283389e+03
   1.0820161098669170e+00   1.6266756357925474e+03   1.6258308466504971e+03
   1.0812653107330177e+00   1.6287117272644084e+03   1.6278658769472536e+03
   1.0805145115991184e+00   1.6307478380294040e+03   1.6299009265179425e+03
   1.0797637124652191e+00   1.6327839680868658e+03   1.6319359953618980e+03
   1.0790129133313195e+00   1.6348201174361284e+03   1.6339710834784541e+03
   1.0782621141974202e+00   1.6368562860765246e+03   1.6360061908669461e+03
   1.0775113150635209e+00   1.6388924740073874e+03   1.6380413175267072e+03
   1.0767605159296216e+00   1.6409286812280509e+03   1.6400764634570728e+03
   1.0760097167957223e+00   1.6429649077378467e+03   1.6421116286573758e+03
   1.0752589176618228e+00   1.6450011535361095e+03   1.6441468131269517e+03
   1.0745081185279237e+00   1.6470374186221713e+03   1.6461820168651332e+03
   1.0737573193940242e+00   1.6490737029953664e+03   1.6482172398712564e+03
   1.0730065202601249e+00   1.6511100066550275e+03   1.6502524821446539e+03
   1.0722557211262256e+00   1.6531463296004868e+03   1.6522877436846609e+03
   1.0715049219923263e+00   1.6551826718310786e+03   1.6543230244906106e+03
   1.0707541228584270e+00   1.6572190333461353e+03   1.6563583245618379e+03
   1.0700033237245274e+00   1.6592554141449905e+03   1.6583936438976768e+03
   1.0692525245906281e+00   1.6612918142269768e+03   1.6604289824974610e+03
   1.0685017254567288e+00   1.6633282335914278e+03   1.6624643403605257e+03
   1.0677509263228295e+00   1.6653646722376761e+03   1.6644997174862037e+03
   1.0670001271889300e+00   1.6674011301650548e+03   1.6665351138738297e+03
   1.0662493280550307e+00   1.6694376073728972e+03   1.6685705295227376e+03
   1.0654985289211314e+00   1.6714741038605355e+03   1.6706059644322622e+03
   1.0647477297872321e+00   1.6735106196273036e+03   1.6726414186017364e+03
   1.0634378403014799e+00   1.6755471546725344e+03   1.6746768920304946e+03
   1.0621279508157275e+00   1.6775837089955603e+03   1.6767123847178714e+03
   1.0608180613299754e+00   1.6796202825957148e+03   1.6787478966631998e+03
   1.0595081718442234e+00   1.6816568754723305e+03   1.6807834278658149e+03
   1.0581982823584710e+00   1.6836934876247406e+03   1.6828189783250500e+03
   1.0568883928727189e+00   1.6857301190522774e+03   1.6848545480402395e+03
   1.0555785033869667e+00   1.6877667697542745e+03   1.6868901370107167e+03
   1.0542686139012145e+00   1.6898034397300648e+03   1.6889257452358161e+03
   1.0529587244154623e+00   1.6918401289789806e+03   1.6909613727148712e+03
   1.0516488349297102e+00   1.6938768375003551e+03   1.6929970194472160e+03
   1.0503389454439580e+00   1.6959135652935213e+03   1.6950326854321852e+03
   1.0490290559582056e+00   1.6979503123578120e+03   1.6970683706691116e+03
   1.0477191664724534e+00   1.6999870786925599e+03   1.6991040751573298e+03
   1.0464092769867013e+00   1.7020238642970980e+03   1.7011397988961737e+03
   1.0450993875009491e+00   1.7040606691707583e+03   1.7031755418849762e+03
   1.0437894980151969e+00   1.7060974933128746e+03   1.7052113041230723e+03
   1.0424796085294445e+00   1.7081343367227789e+03   1.7072470856097955e+03
   1.0411697190436926e+00   1.7101711993998049e+03   1.7092828863444786e+03
   1.0398598295579402e+00   1.7122080813432847e+03   1.7113187063264568e+03
   1.0385499400721880e+00   1.7142449825525507e+03   1.7133545455550632e+03
   1.0372400505864359e+00   1.7162819030269366e+03   1.7153904040296320e+03
   1.0359301611006837e+00   1.7183188427657749e+03   1.7174262817494964e+03
   1.0346202716149315e+00   1.7203558017683970e+03   1.7194621787139904e+03
   1.0333103821291794e+00   1.7223927800341366e+03   1.7214980949224475e+03
   1.0320004926434270e+00   1.7244297775623268e+03   1.7235340303742028e+03
   1.0306906031576748e+00   1.7264667943522995e+03   1.7255699850685880e+03
   1.0293807136719226e+00   1.7285038304033881e+03   1.7276059590049374e+03
   1.0280708241861705e+00   1.7305408857149246e+03   1.7296419521825856e+03
   1.0267609347004183e+00   1.7325779602862417e+03   1.7316779646008656e+03
   1.0254510452146661e+00   1.7346150541166719e+03   1.7337139962591116e+03
   1.0241411557289140e+00   1.7366521672055483e+03   1.7357500471566561e+03
   1.0228312662431618e+00   1.7386892995522030e+03   1.7377861172928338e+03
   1.0215213767574094e+00   1.7407264511559690e+03   1.7398222066669780e+03
   1.0202114872716574e+00   1.7427636220161783e+03   1.7418583152784215e+03
   1.0189015977859051e+00   1.7448008121321643e+03   1.7438944431264997e+03
   1.0175917083001529e+00   1.7468380215032585e+03   1.7459305902105441e+03
   1.0162818188144007e+00   1.7488752501287936e+03   1.7479667565298907e+03
   1.0149719293286485e+00   1.7509124980081033e+03   1.7500029420838700e+03
   1.0136620398428964e+00   1.7529497651405186e+03   1.7520391468718187e+03
   1.0123521503571440e+00   1.7549870515253724e+03   1.7540753708930683e+03
   1.0110422608713918e+00   1.7570243571619978e+03   1.7561116141469529e+03
   1.0097323713856396e+00   1.7590616820497271e+03   1.7581478766328064e+03
   1.0084224818998875e+00   1.7610990261878919e+03   1.7601841583499615e+03
   1.0071125924141353e+00   1.7631363895758254e+03   1.7622204592977523e+03
   1.0058027029283831e+00   1.7651737722128603e+03   1.7642567794755114e+03
   1.0044928134426310e+00   1.7672111740983280e+03   1.7662931188825742e+03
   1.0031829239568786e+00   1.7692485952315619e+03   1.7683294775182724e+03
   1.0018730344711264e+00   1.7712860356118938e+03   1.7703658553819391e+03
   1.0005631449853742e+00   1.7733234952386561e+03   1.7724022524729098e+03
   9.9925325549962207e-01   1.7753609741111811e+03   1.7744386687905167e+03
   9.9782999526621230e-01   1.7773984722288014e+03   1.7764751043340921e+03
   9.9640673503280242e-01   1.7794359895908499e+03   1.7785115591029710e+03
   9.9498347479939264e-01   1.7814735261966573e+03   1.7805480330964863e+03
   9.9356021456598298e-01   1.7835110820455575e+03   1.7825845263139713e+03
   9.9213695433257310e-01   1.7855486571368820e+03   1.7846210387547594e+03
   9.9071369409916321e-01   1.7875862514699631e+03   1.7866575704181837e+03
   9.8929043386575355e-01   1.7896238650441337e+03   1.7886941213035782e+03
   9.8786717363234366e-01   1.7916614978587254e+03   1.7907306914102753e+03
   9.8644391339893389e-01   1.7936991499130704e+03   1.7927672807376089e+03
   9.8502065316552412e-01   1.7957368212065014e+03   1.7948038892849122e+03
   9.8359739293211434e-01   1.7977745117383502e+03   1.7968405170515186e+03
   9.8217413269870457e-01   1.7998122215079495e+03   1.7988771640367606e+03
   9.8075087246529469e-01   1.8018499505146312e+03   1.8009138302399731e+03
   9.7932761223188491e-01   1.8038876987577271e+03   1.8029505156604871e+03
   9.7790435199847514e-01   1.8059254662365706e+03   1.8049872202976371e+03
   9.7648109176506526e-01   1.8079632529504925e+03   1.8070239441507574e+03
   9.7505783153165537e-01   1.8100010588988257e+03   1.8090606872191790e+03
   9.7363457129824571e-01   1.8120388840809014e+03   1.8110974495022363e+03
   9.7221131106483594e-01   1.8140767284960539e+03   1.8131342309992626e+03
   9.7078805083142605e-01   1.8161145921436130e+03   1.8151710317095906e+03
   9.6936479059801639e-01   1.8181524750229119e+03   1.8172078516325539e+03
   9.6794153036460662e-01   1.8201903771332825e+03   1.8192446907674846e+03
   9.6651827013119684e-01   1.8222282984740568e+03   1.8212815491137171e+03
   9.6509500989778685e-01   1.8242662390445664e+03   1.8233184266705839e+03
   9.6367174966437719e-01   1.8263041988441441e+03   1.8253553234374187e+03
   9.6224848943096730e-01   1.8283421778721226e+03   1.8273922394135539e+03
   9.6082522919755764e-01   1.8303801761278321e+03   1.8294291745983230e+03
   9.5940196896414776e-01   1.8324181936106063e+03   1.8314661289910587e+03
   9.5797870873073798e-01   1.8344562303197761e+03   1.8335031025910946e+03
   9.5655544849732821e-01   1.8364942862546743e+03   1.8355400953977630e+03
   9.5513218826391832e-01   1.8385323614146319e+03   1.8375771074103975e+03
   9.5370892803050855e-01   1.8405704557989814e+03   1.8396141386283311e+03
   9.5228566779709878e-01   1.8426085694070548e+03   1.8416511890508964e+03
   9.5086240756368889e-01   1.8446467022381844e+03   1.8436882586774266e+03
   9.4943914733027912e-01   1.8466848542917016e+03   1.8457253475072548e+03
   9.4801588709686935e-01   1.8487230255669381e+03   1.8477624555397140e+03
   9.4659262686345946e-01   1.8507612160632268e+03   1.8497995827741372e+03
   9.4516936663004969e-01   1.8527994257798989e+03   1.8518367292098576e+03
   9.4374610639663992e-01   1.8548376547162861e+03   1.8538738948462078e+03
   9.4232284616323014e-01   1.8568759028717207e+03   1.8559110796825203e+03
   9.4089958592982037e-01   1.8589141702455345e+03   1.8579482837181283e+03
   9.3947632569641060e-01   1.8609524568370589e+03   1.8599855069523653e+03
   9.3805306546300082e-01   1.8629907626456268e+03   1.8620227493845639e+03
   9.3662980522959105e-01   1.8650290876705683e+03   1.8640600110140567e+03
   9.3520654499618117e-01   1.8670674319112170e+03   1.8660972918401758e+03
   9.3378328476277139e-01   1.8691057953669047e+03   1.8681345918622562e+03
   9.3236002452936162e-01   1.8711441780369610e+03   1.8701719110796291e+03
   9.3093676429595185e-01   1.8731825799207195e+03   1.8722092494916276e+03
   9.2951350406254196e-01   1.8752210010175122e+03   1.8742466070975847e+03
   9.2809024382913219e-01   1.8772594413266697e+03   1.8762839838968332e+03
   9.2689164691354919e-01   1.8792979008475240e+03   1.8783213798887064e+03
   9.2569304999796631e-01   1.8813363795794080e+03   1.8803587950725359e+03
   9.2449445308238332e-01   1.8833748775216516e+03   1.8823962294476551e+03
   9.2329585616680054e-01   1.8854133946735878e+03   1.8844336830133964e+03
   9.2209725925121755e-01   1.8874519310345488e+03   1.8864711557690939e+03
   9.2089866233563467e-01   1.8894904866038644e+03   1.8885086477140794e+03
   9.1970006542005167e-01   1.8915290613808679e+03   1.8905461588476853e+03
   9.1850146850446879e-01   1.8935676553648902e+03   1.8925836891692447e+03
   9.1730287158888579e-01   1.8956062685552629e+03   1.8946212386780901e+03
   9.1610427467330280e-01   1.8976449009513180e+03   1.8966588073735543e+03
   9.1490567775771992e-01   1.8996835525523875e+03   1.8986963952549709e+03
   9.1370708084213692e-01   1.9017222233578018e+03   1.9007340023216705e+03
   9.1250848392655404e-01   1.9037609133668930e+03   1.9027716285729873e+03
   9.1130988701097104e-01   1.9057996225789939e+03   1.9048092740082534e+03
   9.1011129009538805e-01   1.9078383509934345e+03   1.9068469386268025e+03
   9.0891269317980516e-01   1.9098770986095469e+03   1.9088846224279657e+03
   9.0771409626422228e-01   1.9119158654266625e+03   1.9109223254110764e+03
   9.0651549934863940e-01   1.9139546514441136e+03   1.9129600475754671e+03
   9.0531690243305651e-01   1.9159934566612305e+03   1.9149977889204702e+03
   9.0411830551747352e-01   1.9180322810773459e+03   1.9170355494454188e+03
   9.0291970860189064e-01   1.9200711246917913e+03   1.9190733291496449e+03
   9.0172111168630775e-01   1.9221099875038967e+03   1.9211111280324812e+03
   9.0052251477072476e-01   1.9241488695129954e+03   1.9231489460932605e+03
   8.9932391785514176e-01   1.9261877707184181e+03   1.9251867833313149e+03
   8.9812532093955877e-01   1.9282266911194954e+03   1.9272246397459769e+03
   8.9692672402397589e-01   1.9302656307155605e+03   1.9292625153365798e+03
   8.9572812710839300e-01   1.9323045895059438e+03   1.9313004101024555e+03
   8.9452953019281001e-01   1.9343435674899761e+03   1.9333383240429366e+03
   8.9333093327722701e-01   1.9363825646669904e+03   1.9353762571573550e+03
   8.9213233636164413e-01   1.9384215810363175e+03   1.9374142094450442e+03
   8.9093373944606125e-01   1.9404606165972882e+03   1.9394521809053360e+03
   8.8973514253047825e-01   1.9424996713492342e+03   1.9414901715375631e+03
   8.8853654561489537e-01   1.9445387452914870e+03   1.9435281813410575e+03
   8.8733794869931237e-01   1.9465778384233779e+03   1.9455662103151521e+03
   8.8613935178372949e-01   1.9486169507442380e+03   1.9476042584591794e+03
   8.8494075486814661e-01   1.9506560822534000e+03   1.9496423257724712e+03
   8.8374215795256361e-01   1.9526952329501933e+03   1.9516804122543604e+03
   8.8254356103698073e-01   1.9547344028339503e+03   1.9537185179041790e+03
   8.8134496412139773e-01   1.9567735919040015e+03   1.9557566427212596e+03
   8.8014636720581485e-01   1.9588128001596797e+03   1.9577947867049345e+03
   8.7894777029023197e-01   1.9608520276003148e+03   1.9598329498545361e+03
   8.7774917337464897e-01   1.9628912742252378e+03   1.9618711321693968e+03
   8.7655057645906598e-01   1.9649305400337817e+03   1.9639093336488484e+03
   8.7535197954348298e-01   1.9669698250252764e+03   1.9659475542922237e+03
   8.7415338262790010e-01   1.9690091291990534e+03   1.9679857940988547e+03
   8.7295478571231722e-01   1.9710484525544441e+03   1.9700240530680744e+03
   8.7175618879673422e-01   1.9730877950907795e+03   1.9720623311992142e+03
   8.7055759188115134e-01   1.9751271568073905e+03   1.9741006284916066e+03
   8.6935899496556834e-01   1.9771665377036095e+03   1.9761389449445842e+03
   8.6816039804998546e-01   1.9792059377787662e+03   1.9781772805574781e+03
   8.6729600896516335e-01   1.9812453570321932e+03   1.9802156353296227e+03
   8.6643161988034145e-01   1.9832847954632198e+03   1.9822540092603485e+03
   8.6556723079551934e-01   1.9853242530711793e+03   1.9842924023489877e+03
   8.6470284171069745e-01   1.9873637298554011e+03   1.9863308145948731e+03
   8.6383845262587544e-01   1.9894032258152179e+03   1.9883692459973365e+03
   8.6297406354105333e-01   1.9914427409499590e+03   1.9904076965557110e+03
   8.6210967445623143e-01   1.9934822752589571e+03   1.9924461662693273e+03
   8.6124528537140932e-01   1.9955218287415423e+03   1.9944846551375185e+03
   8.6038089628658743e-01   1.9975614013970460e+03   1.9965231631596166e+03
   8.5951650720176542e-01   1.9996009932247996e+03   1.9985616903349535e+03
   8.5865211811694331e-01   2.0016406042241335e+03   2.0006002366628611e+03
   8.5778772903212130e-01   2.0036802343943789e+03   2.0026388021426717e+03
   8.5692333994729930e-01   2.0057198837348676e+03   2.0046773867737193e+03
   8.5605895086247730e-01   2.0077595522449292e+03   2.0067159905553324e+03
   8.5519456177765518e-01   2.0097992399238965e+03   2.0087546134868455e+03
   8.5433017269283318e-01   2.0118389467710992e+03   2.0107932555675900e+03
   8.5346578360801129e-01   2.0138786727858683e+03   2.0128319167968980e+03
   8.5260139452318917e-01   2.0159184179675356e+03   2.0148705971741019e+03
   8.5173700543836728e-01   2.0179581823154317e+03   2.0169092966985331e+03
   8.5087261635354516e-01   2.0199979658288876e+03   2.0189480153695235e+03
   8.5000822726872327e-01   2.0220377685072333e+03   2.0209867531864056e+03
   8.4914383818390116e-01   2.0240775903498011e+03   2.0230255101485113e+03
   8.4827944909907926e-01   2.0261174313559211e+03   2.0250642862551731e+03
   8.4741506001425715e-01   2.0281572915249253e+03   2.0271030815057220e+03
   8.4655067092943515e-01   2.0301971708561434e+03   2.0291418958994907e+03
   8.4568628184461314e-01   2.0322370693489065e+03   2.0311807294358109e+03
   8.4482189275979114e-01   2.0342769870025461e+03   2.0332195821140140e+03
   8.4395750367496913e-01   2.0363169238163923e+03   2.0352584539334325e+03
   8.4309311459014702e-01   2.0383568797897763e+03   2.0372973448933988e+03
   8.4222872550532513e-01   2.0403968549220290e+03   2.0393362549932438e+03
   8.4136433642050301e-01   2.0424368492124811e+03   2.0413751842322999e+03
   8.4049994733568112e-01   2.0444768626604639e+03   2.0434141326098986e+03
   8.3963555825085900e-01   2.0465168952653082e+03   2.0454531001253727e+03
   8.3877116916603711e-01   2.0485569470263436e+03   2.0474920867780531e+03
   8.3790678008121500e-01   2.0505970179429019e+03   2.0495310925672720e+03
   8.3704239099639299e-01   2.0526371080143144e+03   2.0515701174923615e+03
   8.3617800191157099e-01   2.0546772172399110e+03   2.0536091615526534e+03
   8.3531361282674899e-01   2.0567173456190226e+03   2.0556482247474787e+03
   8.3444922374192698e-01   2.0587574931509798e+03   2.0576873070761703e+03
   8.3358483465710498e-01   2.0607976598351142e+03   2.0597264085380593e+03
   8.3272044557228286e-01   2.0628378456707555e+03   2.0617655291324777e+03
   8.3185605648746097e-01   2.0648780506572343e+03   2.0638046688587574e+03
   8.3099166740263886e-01   2.0669182747938830e+03   2.0658438277162300e+03
   8.3012727831781696e-01   2.0689585180800304e+03   2.0678830057042273e+03
   8.2926288923299485e-01   2.0709987805150081e+03   2.0699222028220815e+03
   8.2839850014817284e-01   2.0730390620981470e+03   2.0719614190691232e+03
   8.2753411106335095e-01   2.0750793628287770e+03   2.0740006544446851e+03
   8.2666972197852884e-01   2.0771196827062295e+03   2.0760399089480979e+03
   8.2580533289370694e-01   2.0791600217298346e+03   2.0780791825786955e+03
   8.2494094380888483e-01   2.0812003798989226e+03   2.0801184753358075e+03
   8.2429943314860676e-01   2.0832407572128254e+03   2.0821577872187663e+03
   8.2365792248832859e-01   2.0852811536708723e+03   2.0841971182269031e+03
   8.2301641182805052e-01   2.0873215692723948e+03   2.0862364683595501e+03
   8.2237490116777245e-01   2.0893620040167234e+03   2.0882758376160386e+03
   8.2173339050749428e-01   2.0914024579031884e+03   2.0903152259957010e+03
   8.2109187984721621e-01   2.0934429309311204e+03   2.0923546334978682e+03
   8.2045036918693803e-01   2.0954834230998499e+03   2.0943940601218719e+03
   8.1980885852666008e-01   2.0975239344087076e+03   2.0964335058670440e+03
   8.1916734786638190e-01   2.0995644648570237e+03   2.0984729707327156e+03
   8.1852583720610395e-01   2.1016050144441301e+03   2.1005124547182190e+03
   8.1788432654582577e-01   2.1036455831693552e+03   2.1025519578228846e+03
   8.1724281588554770e-01   2.1056861710320309e+03   2.1045914800460446e+03
   8.1660130522526952e-01   2.1077267780314874e+03   2.1066310213870320e+03
   8.1595979456499146e-01   2.1097674041670543e+03   2.1086705818451765e+03
   8.1531828390471328e-01   2.1118080494380642e+03   2.1107101614198095e+03
   8.1467677324443522e-01   2.1138487138438463e+03   2.1127497601102641e+03
   8.1403526258415704e-01   2.1158893973837303e+03   2.1147893779158708e+03
   8.1339375192387908e-01   2.1179301000570476e+03   2.1168290148359606e+03
   8.1275224126360091e-01   2.1199708218631290e+03   2.1188686708698665e+03
   8.1211073060332284e-01   2.1220115628013032e+03   2.1209083460169177e+03
   8.1146921994304477e-01   2.1240523228709030e+03   2.1229480402764480e+03
   8.1082770928276671e-01   2.1260931020712560e+03   2.1249877536477875e+03
   8.1018619862248853e-01   2.1281339004016954e+03   2.1270274861302692e+03
   8.0954468796221046e-01   2.1301747178615506e+03   2.1290672377232222e+03
   8.0890317730193240e-01   2.1322155544501516e+03   2.1311070084259795e+03
   8.0826166664165422e-01   2.1342564101668286e+03   2.1331467982378722e+03
   8.0762015598137615e-01   2.1362972850109127e+03   2.1351866071582322e+03
   8.0697864532109809e-01   2.1383381789817331e+03   2.1372264351863892e+03
   8.0633713466081991e-01   2.1403790920786214e+03   2.1392662823216770e+03
   8.0569562400054184e-01   2.1424200243009072e+03   2.1413061485634253e+03
   8.0505411334026378e-01   2.1444609756479213e+03   2.1433460339109661e+03
   8.0441260267998560e-01   2.1465019461189931e+03   2.1453859383636295e+03
   8.0377109201970753e-01   2.1485429357134535e+03   2.1474258619207494e+03
   8.0312958135942947e-01   2.1505839444306334e+03   2.1494658045816554e+03
   8.0248807069915140e-01   2.1526249722698622e+03   2.1515057663456787e+03
   8.0184656003887322e-01   2.1546660192304707e+03   2.1535457472121516e+03
   8.0120504937859516e-01   2.1567070853117880e+03   2.1555857471804043e+03
   8.0056353871831698e-01   2.1587481705131459e+03   2.1576257662497692e+03
   7.9992202805803903e-01   2.1607892748338736e+03   2.1596658044195760e+03
   7.9928051739776085e-01   2.1628303982733019e+03   2.1617058616891582e+03
   7.9863900673748267e-01   2.1648715408307608e+03   2.1637459380578453e+03
   7.9799749607720460e-01   2.1669127025055805e+03   2.1657860335249698e+03
   7.9735598541692654e-01   2.1689538832970902e+03   2.1678261480898614e+03
   7.9671447475664847e-01   2.1709950832046220e+03   2.1698662817518525e+03
   7.9607296409637041e-01   2.1730363022275055e+03   2.1719064345102738e+03
   7.9543145343609223e-01   2.1750775403650696e+03   2.1739466063644577e+03
   7.9478994277581405e-01   2.1771187976166461e+03   2.1759867973137339e+03
   7.9414843211553610e-01   2.1791600739815635e+03   2.1780270073574343e+03
   7.9350692145525792e-01   2.1812013694591533e+03   2.1800672364948900e+03
   7.9286541079497985e-01   2.1832426840487451e+03   2.1821074847254317e+03
   7.9223667755637728e-01   2.1852840177496687e+03   2.1841477520483913e+03
   7.9160794431777459e-01   2.1873253705612556e+03   2.1861880384631004e+03
   7.9097921107917191e-01   2.1893667424828341e+03   2.1882283439688881e+03
   7.9035047784056933e-01   2.1914081335137348e+03   2.1902686685650879e+03
   7.8972174460196676e-01   2.1934495436532889e+03   2.1923090122510298e+03
   7.8909301136336418e-01   2.1954909729008245e+03   2.1943493750260445e+03
   7.8846427812476139e-01   2.1975324212556734e+03   2.1963897568894640e+03
   7.8783554488615881e-01   2.1995738887171642e+03   2.1984301578406194e+03
   7.8720681164755624e-01   2.2016153752846280e+03   2.2004705778788407e+03
   7.8657807840895366e-01   2.2036568809573951e+03   2.2025110170034604e+03
   7.8594934517035098e-01   2.2056984057347941e+03   2.2045514752138083e+03
   7.8532061193174829e-01   2.2077399496161561e+03   2.2065919525092163e+03
   7.8469187869314572e-01   2.2097815126008109e+03   2.2086324488890150e+03
   7.8406314545454303e-01   2.2118230946880885e+03   2.2106729643525359e+03
   7.8343441221594046e-01   2.2138646958773188e+03   2.2127134988991097e+03
   7.8280567897733788e-01   2.2159063161678318e+03   2.2147540525280674e+03
   7.8217694573873509e-01   2.2179479555589569e+03   2.2167946252387401e+03
   7.8154821250013251e-01   2.2199896140500246e+03   2.2188352170304588e+03
   7.8091947926152994e-01   2.2220312916403650e+03   2.2208758279025546e+03
   7.8029074602292736e-01   2.2240729883293084e+03   2.2229164578543587e+03
   7.7966201278432479e-01   2.2261147041161830e+03   2.2249571068852010e+03
   7.7903327954572210e-01   2.2281564390003205e+03   2.2269977749944132e+03
   7.7840454630711953e-01   2.2301981929810499e+03   2.2290384621813268e+03
   7.7777581306851684e-01   2.2322399660577012e+03   2.2310791684452720e+03
   7.7714707982991427e-01   2.2342817582296043e+03   2.2331198937855797e+03
   7.7651834659131158e-01   2.2363235694960895e+03   2.2351606382015812e+03
   7.7588961335270890e-01   2.2383653998564864e+03   2.2372014016926078e+03
   7.7526088011410632e-01   2.2404072493101239e+03   2.2392421842579893e+03
   7.7463214687550375e-01   2.2424491178563330e+03   2.2412829858970572e+03
   7.7400341363690117e-01   2.2444910054944444e+03   2.2433238066091421e+03
   7.7337468039829838e-01   2.2465329122237858e+03   2.2453646463935756e+03
   7.7274594715969580e-01   2.2485748380436876e+03   2.2474055052496883e+03
   7.7211721392109323e-01   2.2506167829534797e+03   2.2494463831768098e+03
   7.7148848068249065e-01   2.2526587469524934e+03   2.2514872801742731e+03
   7.7085974744388797e-01   2.2547007300400560e+03   2.2535281962414074e+03
   7.7023101420528528e-01   2.2567427322154990e+03   2.2555691313775442e+03
   7.6960228096668271e-01   2.2587847534781513e+03   2.2576100855820141e+03
   7.6897354772808013e-01   2.2608267938273434e+03   2.2596510588541482e+03
   7.6834481448947756e-01   2.2628688532624042e+03   2.2616920511932767e+03
   7.6771608125087476e-01   2.2649109317826642e+03   2.2637330625987311e+03
   7.6708734801227219e-01   2.2669530293874523e+03   2.2657740930698419e+03
   7.6645861477366961e-01   2.2689951460760994e+03   2.2678151426059394e+03
   7.6582988153506704e-01   2.2710372818479336e+03   2.2698562112063551e+03
   7.6520114829646424e-01   2.2730794367022868e+03   2.2718972988704195e+03
   7.6457241505786167e-01   2.2751216106384868e+03   2.2739384055974633e+03
   7.6394368181925909e-01   2.2771638036558634e+03   2.2759795313868171e+03
   7.6331494858065652e-01   2.2792060157537467e+03   2.2780206762378120e+03
   7.6268621534205383e-01   2.2812482469314664e+03   2.2800618401497782e+03
   7.6205748210345114e-01   2.2832904971883531e+03   2.2821030231220466e+03
   7.6142874886484857e-01   2.2853327665237343e+03   2.2841442251539479e+03
   7.6066209397068651e-01   2.2873750549369411e+03   2.2861854462448136e+03
   7.5989543907652446e-01   2.2894173624273026e+03   2.2882266863939726e+03
   7.5912878418236240e-01   2.2914596889941495e+03   2.2902679456007572e+03
   7.5836212928820035e-01   2.2935020346368096e+03   2.2923092238644967e+03
   7.5759547439403829e-01   2.2955443993546137e+03   2.2943505211845227e+03
   7.5682881949987624e-01   2.2975867831468909e+03   2.2963918375601670e+03
   7.5606216460571418e-01   2.2996291860129713e+03   2.2984331729907576e+03
   7.5529550971155213e-01   2.3016716079521839e+03   2.3004745274756260e+03
   7.5452885481739007e-01   2.3037140489638591e+03   2.3025159010141042e+03
   7.5376219992322802e-01   2.3057565090473249e+03   2.3045572936055214e+03
   7.5299554502906607e-01   2.3077989882019119e+03   2.3065987052492087e+03
   7.5222889013490390e-01   2.3098414864269498e+03   2.3086401359444963e+03
   7.5146223524074185e-01   2.3118840037217678e+03   2.3106815856907151e+03
   7.5069558034657979e-01   2.3139265400856953e+03   2.3127230544871954e+03
   7.4992892545241774e-01   2.3159690955180617e+03   2.3147645423332688e+03
   7.4916227055825568e-01   2.3180116700181970e+03   2.3168060492282643e+03
   7.4839561566409363e-01   2.3200542635854299e+03   2.3188475751715132e+03
   7.4762896076993157e-01   2.3220968762190910e+03   2.3208891201623464e+03
   7.4686230587576952e-01   2.3241395079185090e+03   2.3229306842000942e+03
   7.4609565098160746e-01   2.3261821586830129e+03   2.3249722672840867e+03
   7.4532899608744552e-01   2.3282248285119331e+03   2.3270138694136540e+03
   7.4456234119328335e-01   2.3302675174045985e+03   2.3290554905881277e+03
   7.4379568629912141e-01   2.3323102253603383e+03   2.3310971308068365e+03
   7.4302903140495924e-01   2.3343529523784832e+03   2.3331387900691138e+03
   7.4226237651079718e-01   2.3363956984583615e+03   2.3351804683742885e+03
   7.4149572161663513e-01   2.3384384635993024e+03   2.3372221657216896e+03
   7.4072906672247307e-01   2.3404812478006356e+03   2.3392638821106498e+03
   7.3996241182831102e-01   2.3425240510616904e+03   2.3413056175404995e+03
   7.3919575693414896e-01   2.3445668733817965e+03   2.3433473720105667e+03
   7.3842910203998691e-01   2.3466097147602832e+03   2.3453891455201838e+03
   7.3766244714582485e-01   2.3486525751964800e+03   2.3474309380686814e+03
   7.3689579225166280e-01   2.3506954546897159e+03   2.3494727496553896e+03
   7.3612913735750074e-01   2.3527383532393201e+03   2.3515145802796378e+03
   7.3536248246333880e-01   2.3547812708446218e+03   2.3535564299407574e+03
   7.3459582756917663e-01   2.3568242075049511e+03   2.3555982986380786e+03
   7.3382917267501457e-01   2.3588671632196365e+03   2.3576401863709311e+03
   7.3306251778085263e-01   2.3609101379880080e+03   2.3596820931386460e+03
   7.3229586288669057e-01   2.3629531318093937e+03   2.3617240189405543e+03
   7.3152920799252841e-01   2.3649961446831248e+03   2.3637659637759839e+03
   7.3076255309836646e-01   2.3670391766085290e+03   2.3658079276442677e+03
   7.2999589820420441e-01   2.3690822275849368e+03   2.3678499105447349e+03
   7.2922924331004235e-01   2.3711252976116757e+03   2.3698919124767162e+03
   7.2846258841588030e-01   2.3731683866880767e+03   2.3719339334395418e+03
   7.2769593352171824e-01   2.3752114948134677e+03   2.3739759734325407e+03
   7.2692927862755619e-01   2.3772546219871788e+03   2.3760180324550452e+03
   7.2616262373339413e-01   2.3792977682085398e+03   2.3780601105063847e+03
   7.2539596883923207e-01   2.3813409334768776e+03   2.3801022075858891e+03
   7.2462931394507002e-01   2.3833841177915237e+03   2.3821443236928899e+03
   7.2386265905090796e-01   2.3854273211518057e+03   2.3841864588267158e+03
   7.2309600415674591e-01   2.3874705435570545e+03   2.3862286129866980e+03
   7.2219888387255482e-01   2.3895137850065976e+03   2.3882707861721660e+03
   7.2130176358836384e-01   2.3915570454997651e+03   2.3903129783824511e+03
   7.2040464330417275e-01   2.3936003250358867e+03   2.3923551896168829e+03
   7.1950752301998178e-01   2.3956436236142890e+03   2.3943974198747910e+03
   7.1861040273579069e-01   2.3976869412343044e+03   2.3964396691555066e+03
   7.1771328245159971e-01   2.3997302778952603e+03   2.3984819374583594e+03
   7.1681616216740873e-01   2.4017736335964855e+03   2.4005242247826795e+03
   7.1591904188321764e-01   2.4038170083373102e+03   2.4025665311277971e+03
   7.1502192159902667e-01   2.4058604021170631e+03   2.4046088564930437e+03
   7.1412480131483558e-01   2.4079038149350722e+03   2.4066512008777472e+03
   7.1322768103064449e-01   2.4099472467906689e+03   2.4086935642812391e+03
   7.1233056074645351e-01   2.4119906976831803e+03   2.4107359467028496e+03
   7.1143344046226242e-01   2.4140341676119360e+03   2.4127783481419083e+03
   7.1053632017807133e-01   2.4160776565762658e+03   2.4148207685977450e+03
   7.0963919989388025e-01   2.4181211645754984e+03   2.4168632080696907e+03
   7.0874207960968927e-01   2.4201646916089617e+03   2.4189056665570756e+03
   7.0784495932549829e-01   2.4222082376759854e+03   2.4209481440592285e+03
   7.0694783904130720e-01   2.4242518027758993e+03   2.4229906405754796e+03
   7.0605071875711611e-01   2.4262953869080320e+03   2.4250331561051617e+03
   7.0515359847292514e-01   2.4283389900717120e+03   2.4270756906476013e+03
   7.0425647818873416e-01   2.4303826122662690e+03   2.4291182442021309e+03
   7.0335935790454318e-01   2.4324262534910313e+03   2.4311608167680793e+03
   7.0246223762035209e-01   2.4344699137453285e+03   2.4332034083447770e+03
   7.0156511733616100e-01   2.4365135930284896e+03   2.4352460189315539e+03
   7.0066799705197003e-01   2.4385572913398432e+03   2.4372886485277400e+03
   6.9977087676777894e-01   2.4406010086787187e+03   2.4393312971326654e+03
   6.9887375648358785e-01   2.4426447450444439e+03   2.4413739647456600e+03
   6.9797663619939687e-01   2.4446885004363489e+03   2.4434166513660539e+03
   6.9707951591520589e-01   2.4467322748537622e+03   2.4454593569931772e+03
   6.9618239563101481e-01   2.4487760682960134e+03   2.4475020816263605e+03
   6.9528527534682372e-01   2.4508198807624299e+03   2.4495448252649317e+03
   6.9438815506263274e-01   2.4528637122523419e+03   2.4515875879082232e+03
   6.9349103477844165e-01   2.4549075627650786e+03   2.4536303695555634e+03
   6.9259391449425056e-01   2.4569514322999676e+03   2.4556731702062825e+03
   6.9169679421005958e-01   2.4589953208563388e+03   2.4577159898597106e+03
   6.9079967392586850e-01   2.4610392284335203e+03   2.4597588285151783e+03
   6.8990255364167752e-01   2.4630831550308417e+03   2.4618016861720143e+03
   6.8900543335748643e-01   2.4651271006476313e+03   2.4638445628295503e+03
   6.8810831307329545e-01   2.4671710652832185e+03   2.4658874584871141e+03
   6.8721119278910436e-01   2.4692150489369319e+03   2.4679303731440368e+03
   6.8631407250491339e-01   2.4712590516081004e+03   2.4699733067996481e+03
   6.8541695222072230e-01   2.4733030732960515e+03   2.4720162594532781e+03
   6.8451983193653121e-01   2.4753471140001166e+03   2.4740592311042560e+03
   6.8362271165234034e-01   2.4773911737196217e+03   2.4761022217519117e+03
   6.8272559136814925e-01   2.4794352524538986e+03   2.4781452313955765e+03
   6.8182847108395817e-01   2.4814793502022735e+03   2.4801882600345784e+03
   6.8093135079976708e-01   2.4835234669640759e+03   2.4822313076682485e+03
   6.8003423051557610e-01   2.4855676027386357e+03   2.4842743742959160e+03
   6.7913711023138512e-01   2.4876117575252802e+03   2.4863174599169106e+03
   6.7823998994719403e-01   2.4896559313233397e+03   2.4883605645305629e+03
   6.7736140559097213e-01   2.4917001241321418e+03   2.4904036881362026e+03
   6.7648282123475012e-01   2.4937443359510148e+03   2.4924468307331581e+03
   6.7560423687852811e-01   2.4957885667792884e+03   2.4944899923207604e+03
   6.7472565252230621e-01   2.4978328166162910e+03   2.4965331728983392e+03
   6.7384706816608431e-01   2.4998770854613517e+03   2.4985763724652252e+03
   6.7296848380986241e-01   2.5019213733137999e+03   2.5006195910207466e+03
   6.7208989945364028e-01   2.5039656801729620e+03   2.5026628285642328e+03
   6.7121131509741838e-01   2.5060100060381674e+03   2.5047060850950152e+03
   6.7033273074119659e-01   2.5080543509087465e+03   2.5067493606124235e+03
   6.6945414638497447e-01   2.5100987147840265e+03   2.5087926551157861e+03
   6.6857556202875257e-01   2.5121430976633360e+03   2.5108359686044332e+03
   6.6769697767253056e-01   2.5141874995460048e+03   2.5128793010776953e+03
   6.6681839331630866e-01   2.5162319204313608e+03   2.5149226525349009e+03
   6.6593980896008664e-01   2.5182763603187332e+03   2.5169660229753808e+03
   6.6506122460386474e-01   2.5203208192074494e+03   2.5190094123984641e+03
   6.6418264024764273e-01   2.5223652970968387e+03   2.5210528208034812e+03
   6.6330405589142083e-01   2.5244097939862295e+03   2.5230962481897600e+03
   6.6242547153519893e-01   2.5264543098749514e+03   2.5251396945566321e+03
   6.6154688717897692e-01   2.5284988447623318e+03   2.5271831599034272e+03
   6.6066830282275502e-01   2.5305433986477015e+03   2.5292266442294731e+03
   6.5978971846653311e-01   2.5325879715303854e+03   2.5312701475341014e+03
   6.5891113411031110e-01   2.5346325634097147e+03   2.5333136698166400e+03
   6.5803254975408920e-01   2.5366771742850178e+03   2.5353572110764203e+03
   6.5715396539786719e-01   2.5387218041556216e+03   2.5374007713127698e+03
   6.5627538104164529e-01   2.5407664530208576e+03   2.5394443505250210e+03
   6.5539679668542328e-01   2.5428111208800515e+03   2.5414879487125013e+03
   6.5451821232920127e-01   2.5448558077325333e+03   2.5435315658745408e+03
   6.5363962797297936e-01   2.5469005135776315e+03   2.5455752020104696e+03
   6.5276104361675746e-01   2.5489452384146743e+03   2.5476188571196167e+03
   6.5188245926053545e-01   2.5509899822429902e+03   2.5496625312013111e+03
   6.5100387490431344e-01   2.5530347450619079e+03   2.5517062242548836e+03
   6.5012529054809154e-01   2.5550795268707552e+03   2.5537499362796634e+03
   6.4924670619186964e-01   2.5571243276688624e+03   2.5557936672749797e+03
   6.4836812183564763e-01   2.5591691474555550e+03   2.5578374172401632e+03
   6.4748953747942573e-01   2.5612139862301647e+03   2.5598811861745417e+03
   6.4661095312320371e-01   2.5632588439920187e+03   2.5619249740774462e+03
   6.4573236876698181e-01   2.5653037207404450e+03   2.5639687809482057e+03
   6.4485378441075980e-01   2.5673486164747719e+03   2.5660126067861488e+03
   6.4397520005453790e-01   2.5693935311943292e+03   2.5680564515906071e+03
   6.4309661569831600e-01   2.5714384648984442e+03   2.5701003153609076e+03
   6.4221803134209399e-01   2.5734834175864453e+03   2.5721441980963818e+03
   6.4133944698587209e-01   2.5755283892576622e+03   2.5741880997963585e+03
   6.4046086262965018e-01   2.5775733799114205e+03   2.5762320204601665e+03
   6.3958227827342817e-01   2.5796183895470517e+03   2.5782759600871373e+03
   6.3870369391720616e-01   2.5816634181638838e+03   2.5803199186765978e+03
   6.3782510956098426e-01   2.5837084657612427e+03   2.5823638962278783e+03
   6.3694652520476236e-01   2.5857535323384591e+03   2.5844078927403093e+03
   6.3606794084854035e-01   2.5877986178948613e+03   2.5864519082132188e+03
   6.3518935649231834e-01   2.5898437224297768e+03   2.5884959426459382e+03
   6.3431077213609643e-01   2.5918888459425334e+03   2.5905399960377949e+03
   6.3362525638544132e-01   2.5939339884324618e+03   2.5925840683881179e+03
   6.3293974063478620e-01   2.5959791498988880e+03   2.5946281596962399e+03
   6.3225422488413108e-01   2.5980243303411416e+03   2.5966722699614875e+03
   6.3156870913347607e-01   2.6000695297585507e+03   2.5987163991831903e+03
   6.3088319338282084e-01   2.6021147481504440e+03   2.6007605473606791e+03
   6.3019767763216572e-01   2.6041599855161485e+03   2.6028047144932812e+03
   6.2951216188151071e-01   2.6062052418549938e+03   2.6048489005803281e+03
   6.2882664613085559e-01   2.6082505171663079e+03   2.6068931056211486e+03
   6.2814113038020047e-01   2.6102958114494195e+03   2.6089373296150707e+03
   6.2745561462954536e-01   2.6123411247036547e+03   2.6109815725614253e+03
   6.2677009887889024e-01   2.6143864569283451e+03   2.6130258344595413e+03
   6.2608458312823512e-01   2.6164318081228175e+03   2.6150701153087471e+03
   6.2539906737758000e-01   2.6184771782863986e+03   2.6171144151083740e+03
   6.2471355162692488e-01   2.6205225674184189e+03   2.6191587338577497e+03
   6.2402803587626976e-01   2.6225679755182055e+03   2.6212030715562041e+03
   6.2334252012561464e-01   2.6246134025850874e+03   2.6232474282030653e+03
   6.2265700437495952e-01   2.6266588486183928e+03   2.6252918037976647e+03
   6.2197148862430440e-01   2.6287043136174493e+03   2.6273361983393311e+03
   6.2128597287364928e-01   2.6307497975815850e+03   2.6293806118273924e+03
   6.2060045712299416e-01   2.6327953005101290e+03   2.6314250442611797e+03
   6.1991494137233905e-01   2.6348408224024083e+03   2.6334694956400208e+03
   6.1922942562168393e-01   2.6368863632577522e+03   2.6355139659632455e+03
   6.1854390987102881e-01   2.6389319230754891e+03   2.6375584552301825e+03
   6.1785839412037369e-01   2.6409775018549467e+03   2.6396029634401630e+03
   6.1717287836971857e-01   2.6430230995954525e+03   2.6416474905925129e+03
   6.1648736261906356e-01   2.6450687162963345e+03   2.6436920366865647e+03
   6.1580184686840833e-01   2.6471143519569232e+03   2.6457366017216464e+03
   6.1511633111775332e-01   2.6491600065765447e+03   2.6477811856970870e+03
   6.1443081536709809e-01   2.6512056801545277e+03   2.6498257886122160e+03
   6.1374529961644309e-01   2.6532513726902002e+03   2.6518704104663620e+03
   6.1305978386578797e-01   2.6552970841828910e+03   2.6539150512588549e+03
   6.1237426811513285e-01   2.6573428146319275e+03   2.6559597109890237e+03
   6.1168875236447773e-01   2.6593885640366379e+03   2.6580043896561979e+03
   6.1100323661382261e-01   2.6614343323963499e+03   2.6600490872597065e+03
   6.1031772086316749e-01   2.6634801197103925e+03   2.6620938037988781e+03
   6.0963220511251237e-01   2.6655259259780942e+03   2.6641385392730417e+03
   6.0894668936185725e-01   2.6675717511987814e+03   2.6661832936815285e+03
   6.0826117361120224e-01   2.6696175953717843e+03   2.6682280670236655e+03
   6.0757565786054701e-01   2.6716634584964286e+03   2.6702728592987810e+03
   6.0689014210989201e-01   2.6737093405720439e+03   2.6723176705062083e+03
   6.0620462635923678e-01   2.6757552415979590e+03   2.6743625006452721e+03
   6.0551911060858166e-01   2.6778011615734999e+03   2.6764073497153040e+03
   6.0483359485792654e-01   2.6798471004979961e+03   2.6784522177156314e+03
   6.0414807910727153e-01   2.6818930583707752e+03   2.6804971046455858e+03
   6.0346256335661641e-01   2.6839390351911652e+03   2.6825420105044941e+03
   6.0277704760596118e-01   2.6859850309584949e+03   2.6845869352916866e+03
   6.0209153185530617e-01   2.6880310456720913e+03   2.6866318790064920e+03
   6.0140601610465094e-01   2.6900770793312827e+03   2.6886768416482400e+03
   6.0072050035399593e-01   2.6921231319353969e+03   2.6907218232162586e+03
   6.0003498460334082e-01   2.6941692034837624e+03   2.6927668237098760e+03
   5.9960422664042712e-01   2.6962152939757075e+03   2.6948118431284242e+03
   5.9917346867751331e-01   2.6982614034105591e+03   2.6968568814712312e+03
   5.9874271071459972e-01   2.7003075317876469e+03   2.6989019387376238e+03
   5.9831195275168592e-01   2.7023536791062975e+03   2.7009470149269341e+03
   5.9788119478877233e-01   2.7043998453658382e+03   2.7029921100384890e+03
   5.9745043682585863e-01   2.7064460305655984e+03   2.7050372240716183e+03
   5.9701967886294482e-01   2.7084922347049060e+03   2.7070823570256521e+03
   5.9658892090003113e-01   2.7105384577830882e+03   2.7091275088999173e+03
   5.9615816293711743e-01   2.7125846997994740e+03   2.7111726796937451e+03
   5.9572740497420384e-01   2.7146309607533890e+03   2.7132178694064619e+03
   5.9529664701129004e-01   2.7166772406441642e+03   2.7152630780373984e+03
   5.9486588904837634e-01   2.7187235394711256e+03   2.7173083055858842e+03
   5.9443513108546264e-01   2.7207698572336021e+03   2.7193535520512469e+03
   5.9400437312254895e-01   2.7228161939309198e+03   2.7213988174328160e+03
   5.9357361515963514e-01   2.7248625495624087e+03   2.7234441017299200e+03
   5.9314285719672155e-01   2.7269089241273964e+03   2.7254894049418886e+03
   5.9271209923380774e-01   2.7289553176252102e+03   2.7275347270680509e+03
   5.9228134127089416e-01   2.7310017300551785e+03   2.7295800681077358e+03
   5.9185058330798035e-01   2.7330481614166274e+03   2.7316254280602707e+03
   5.9141982534506665e-01   2.7350946117088865e+03   2.7336708069249858e+03
   5.9098906738215295e-01   2.7371410809312843e+03   2.7357162047012102e+03
   5.9055830941923926e-01   2.7391875690831471e+03   2.7377616213882725e+03
   5.9012755145632556e-01   2.7412340761638034e+03   2.7398070569855017e+03
   5.8969679349341186e-01   2.7432806021725814e+03   2.7418525114922272e+03
   5.8926603553049817e-01   2.7453271471088078e+03   2.7438979849077768e+03
   5.8883527756758447e-01   2.7473737109718118e+03   2.7459434772314803e+03
   5.8840451960467077e-01   2.7494202937609193e+03   2.7479889884626646e+03
   5.8797376164175708e-01   2.7514668954754611e+03   2.7500345186006616e+03
   5.8754300367884338e-01   2.7535135161147637e+03   2.7520800676447989e+03
   5.8711224571592968e-01   2.7555601556781526e+03   2.7541256355944047e+03
   5.8668148775301598e-01   2.7576068141649580e+03   2.7561712224488097e+03
   5.8625072979010229e-01   2.7596534915745083e+03   2.7582168282073399e+03
   5.8581997182718859e-01   2.7617001879061281e+03   2.7602624528693264e+03
   5.8538921386427478e-01   2.7637469031591495e+03   2.7623080964340975e+03
   5.8495845590136120e-01   2.7657936373328976e+03   2.7643537589009811e+03
   5.8452769793844739e-01   2.7678403904267007e+03   2.7663994402693070e+03
   5.8409693997553369e-01   2.7698871624398857e+03   2.7684451405384043e+03
   5.8366618201261999e-01   2.7719339533717812e+03   2.7704908597076010e+03
   5.8323542404970630e-01   2.7739807632217157e+03   2.7725365977762258e+03
   5.8280466608679249e-01   2.7760275919890150e+03   2.7745823547436089e+03
   5.8237390812387890e-01   2.7780744396730097e+03   2.7766281306090777e+03
   5.8194315016096521e-01   2.7801213062730253e+03   2.7786739253719611e+03
   5.8151239219805140e-01   2.7821681917883889e+03   2.7807197390315882e+03
   5.8108163423513770e-01   2.7842150962184301e+03   2.7827655715872884e+03
   5.8065087627222400e-01   2.7862620195624763e+03   2.7848114230383903e+03
   5.8022011830931031e-01   2.7883089618198542e+03   2.7868572933842211e+03
   5.7978936034639661e-01   2.7903559229898915e+03   2.7889031826241107e+03
   5.7935860238348302e-01   2.7924029030719171e+03   2.7909490907573891e+03
   5.7892784442056922e-01   2.7944499020652588e+03   2.7929950177833830e+03
   5.7849708645765552e-01   2.7964969199692428e+03   2.7950409637014213e+03
   5.7819996207864044e-01   2.7985439567831968e+03   2.7970869285108342e+03
   5.7790283769962536e-01   2.8005910125064497e+03   2.7991329122109491e+03
   5.7760571332061028e-01   2.8026380871383294e+03   2.8011789148010962e+03
   5.7730858894159531e-01   2.8046851806781619e+03   2.8032249362806015e+03
   5.7701146456258012e-01   2.8067322931252761e+03   2.8052709766487960e+03
   5.7671434018356504e-01   2.8087794244789993e+03   2.8073170359050077e+03
   5.7641721580454996e-01   2.8108265747386590e+03   2.8093631140485672e+03
   5.7612009142553500e-01   2.8128737439035826e+03   2.8114092110787997e+03
   5.7582296704651992e-01   2.8149209319730980e+03   2.8134553269950361e+03
   5.7552584266750484e-01   2.8169681389465331e+03   2.8155014617966040e+03
   5.7522871828848976e-01   2.8190153648232163e+03   2.8175476154828339e+03
   5.7493159390947468e-01   2.8210626096024730e+03   2.8195937880530514e+03
   5.7463446953045960e-01   2.8231098732836322e+03   2.8216399795065890e+03
   5.7433734515144463e-01   2.8251571558660216e+03   2.8236861898427715e+03
   5.7404022077242955e-01   2.8272044573489684e+03   2.8257324190609302e+03
   5.7374309639341436e-01   2.8292517777317994e+03   2.8277786671603926e+03
   5.7344597201439940e-01   2.8312991170138448e+03   2.8298249341404880e+03
   5.7314884763538432e-01   2.8333464751944284e+03   2.8318712200005448e+03
   5.7285172325636924e-01   2.8353938522728808e+03   2.8339175247398912e+03
   5.7255459887735416e-01   2.8374412482485282e+03   2.8359638483578560e+03
   5.7225747449833908e-01   2.8394886631206991e+03   2.8380101908537672e+03
   5.7196035011932400e-01   2.8415360968887198e+03   2.8400565522269562e+03
   5.7166322574030892e-01   2.8435835495519186e+03   2.8421029324767474e+03
   5.7136610136129384e-01   2.8456310211096225e+03   2.8441493316024721e+03
   5.7106897698227876e-01   2.8476785115611601e+03   2.8461957496034588e+03
   5.7077185260326380e-01   2.8497260209058586e+03   2.8482421864790354e+03
   5.7047472822424861e-01   2.8517735491430444e+03   2.8502886422285305e+03
   5.7017760384523364e-01   2.8538210962720459e+03   2.8523351168512731e+03
   5.6988047946621856e-01   2.8558686622921905e+03   2.8543816103465911e+03
   5.6958335508720348e-01   2.8579162472028056e+03   2.8564281227138144e+03
   5.6928623070818840e-01   2.8599638510032178e+03   2.8584746539522685e+03
   5.6898910632917332e-01   2.8620114736927571e+03   2.8605212040612855e+03
   5.6869198195015835e-01   2.8640591152707484e+03   2.8625677730401926e+03
   5.6839485757114316e-01   2.8661067757365204e+03   2.8646143608883176e+03
   5.6809773319212820e-01   2.8681544550894009e+03   2.8666609676049902e+03
   5.6780060881311312e-01   2.8702021533287166e+03   2.8687075931895379e+03
   5.6750348443409804e-01   2.8722498704537948e+03   2.8707542376412898e+03
   5.6720636005508296e-01   2.8742976064639638e+03   2.8728009009595739e+03
   5.6690923567606788e-01   2.8763453613585502e+03   2.8748475831437195e+03
   5.6661211129705280e-01   2.8783931351368815e+03   2.8768942841930552e+03
   5.6631498691803772e-01   2.8804409277982859e+03   2.8789410041069086e+03
   5.6601786253902264e-01   2.8824887393420904e+03   2.8809877428846080e+03
   5.6572073816000756e-01   2.8845365697676225e+03   2.8830345005254831e+03
   5.6542361378099260e-01   2.8865844190742100e+03   2.8850812770288612e+03
   5.6512648940197752e-01   2.8886322872611781e+03   2.8871280723940718e+03
   5.6482936502296233e-01   2.8906801743278570e+03   2.8891748866204434e+03
   5.6453224064394736e-01   2.8927280802735727e+03   2.8912217197073028e+03
   5.6423511626493217e-01   2.8947760050976535e+03   2.8932685716539800e+03
   5.6393799188591720e-01   2.8968239487994269e+03   2.8953154424598029e+03
   5.6364086750690212e-01   2.8988719113782176e+03   2.8973623321241007e+03
   5.6322077102102353e-01   2.9009198928333558e+03   2.8994092406462000e+03
   5.6280067453514482e-01   2.9029678931641688e+03   2.9014561680254310e+03
   5.6238057804926633e-01   2.9050159123699827e+03   2.9035031142611219e+03
   5.6196048156338763e-01   2.9070639504501250e+03   2.9055500793526007e+03
   5.6154038507750914e-01   2.9091120074039241e+03   2.9075970632991957e+03
   5.6112028859163043e-01   2.9111600832307054e+03   2.9096440661002348e+03
   5.6070019210575184e-01   2.9132081779297991e+03   2.9116910877550481e+03
   5.6028009561987313e-01   2.9152562915005301e+03   2.9137381282629626e+03
   5.5985999913399453e-01   2.9173044239422265e+03   2.9157851876233071e+03
   5.5943990264811594e-01   2.9193525752542159e+03   2.9178322658354105e+03
   5.5901980616223734e-01   2.9214007454358257e+03   2.9198793628986004e+03
   5.5859970967635864e-01   2.9234489344863819e+03   2.9219264788122055e+03
   5.5817961319048015e-01   2.9254971424052142e+03   2.9239736135755529e+03
   5.5775951670460144e-01   2.9275453691916473e+03   2.9260207671879725e+03
   5.5733942021872285e-01   2.9295936148450110e+03   2.9280679396487935e+03
   5.5691932373284425e-01   2.9316418793646308e+03   2.9301151309573424e+03
   5.5649922724696554e-01   2.9336901627498337e+03   2.9321623411129490e+03
   5.5607913076108706e-01   2.9357384649999499e+03   2.9342095701149392e+03
   5.5565903427520835e-01   2.9377867861143027e+03   2.9362568179626446e+03
   5.5523893778932976e-01   2.9398351260922227e+03   2.9383040846553913e+03
   5.5481884130345116e-01   2.9418834849330342e+03   2.9403513701925085e+03
   5.5439874481757256e-01   2.9439318626360673e+03   2.9423986745733241e+03
   5.5397864833169397e-01   2.9459802592006477e+03   2.9444459977971660e+03
   5.5355855184581526e-01   2.9480286746261022e+03   2.9464933398633643e+03
   5.5313845535993666e-01   2.9500771089117584e+03   2.9485407007712456e+03
   5.5271835887405807e-01   2.9521255620569450e+03   2.9505880805201382e+03
   5.5229826238817936e-01   2.9541740340609886e+03   2.9526354791093718e+03
   5.5187816590230088e-01   2.9562225249232147e+03   2.9546828965382729e+03
   5.5145806941642217e-01   2.9582710346429521e+03   2.9567303328061707e+03
   5.5103797293054357e-01   2.9603195632195275e+03   2.9587777879123946e+03
   5.5061787644466498e-01   2.9623681106522690e+03   2.9608252618562710e+03
   5.5019777995878627e-01   2.9644166769405028e+03   2.9628727546371292e+03
   5.4977768347290767e-01   2.9664652620835568e+03   2.9649202662542966e+03
   5.4935758698702908e-01   2.9685138660807575e+03   2.9669677967071029e+03
   5.4893749050115048e-01   2.9705624889314327e+03   2.9690153459948747e+03
   5.4851739401527189e-01   2.9726111306349089e+03   2.9710629141169411e+03
   5.4809729752939329e-01   2.9746597911905137e+03   2.9731105010726305e+03
   5.4767720104351458e-01   2.9767084705975744e+03   2.9751581068612709e+03
   5.4725710455763599e-01   2.9787571688554190e+03   2.9772057314821905e+03
   5.4683700807175739e-01   2.9808058859633720e+03   2.9792533749347181e+03
   5.4641691158587880e-01   2.9828546219207633e+03   2.9813010372181811e+03
   5.4599681510000020e-01   2.9849033767269193e+03   2.9833487183319080e+03
   5.4557671861412160e-01   2.9869521503811657e+03   2.9853964182752266e+03
   5.4515662212824290e-01   2.9890009428828316e+03   2.9874441370474665e+03
   5.4473652564236430e-01   2.9910497542312437e+03   2.9894918746479539e+03
   5.4431642915648570e-01   2.9930985844257284e+03   2.9915396310760184e+03
   5.4389633267060700e-01   2.9951474334656136e+03   2.9935874063309880e+03
   5.4347623618472851e-01   2.9971963013502259e+03   2.9956352004121909e+03
   5.4305613969884980e-01   2.9992451880788922e+03   2.9976830133189537e+03
   5.4263604321297121e-01   3.0012940936509403e+03   2.9997308450506080e+03
   5.4184204051023677e-01   3.0033430180656969e+03   3.0017786956064779e+03
   5.4104803780750244e-01   3.0053919613224894e+03   3.0038265649858949e+03
   5.4025403510476788e-01   3.0074409234206455e+03   3.0058744531881857e+03
   5.3946003240203355e-01   3.0094899043594901e+03   3.0079223602126785e+03
   5.3866602969929911e-01   3.0115389041383528e+03   3.0099702860587017e+03
   5.3787202699656478e-01   3.0135879227565592e+03   3.0120182307255836e+03
   5.3707802429383034e-01   3.0156369602134364e+03   3.0140661942126521e+03
   5.3628402159109589e-01   3.0176860165083131e+03   3.0161141765192351e+03
   5.3549001888836156e-01   3.0197350916405144e+03   3.0181621776446605e+03
   5.3469601618562712e-01   3.0217841856093678e+03   3.0202101975882579e+03
   5.3390201348289268e-01   3.0238332984142012e+03   3.0222582363493530e+03
   5.3310801078015824e-01   3.0258824300543411e+03   3.0243062939272768e+03
   5.3231400807742379e-01   3.0279315805291144e+03   3.0263543703213545e+03
   5.3152000537468946e-01   3.0299807498378486e+03   3.0284024655309163e+03
   5.3072600267195502e-01   3.0320299379798703e+03   3.0304505795552891e+03
   5.2993199996922058e-01   3.0340791449545068e+03   3.0324987123938035e+03
   5.2913799726648614e-01   3.0361283707610860e+03   3.0345468640457848e+03
   5.2834399456375181e-01   3.0381776153989326e+03   3.0365950345105607e+03
   5.2754999186101736e-01   3.0402268788673764e+03   3.0386432237874615e+03
   5.2675598915828292e-01   3.0422761611657411e+03   3.0406914318758136e+03
   5.2596198645554859e-01   3.0443254622933568e+03   3.0427396587749458e+03
   5.2516798375281415e-01   3.0463747822495493e+03   3.0447879044841870e+03
   5.2437398105007971e-01   3.0484241210336454e+03   3.0468361690028642e+03
   5.2357997834734527e-01   3.0504734786449726e+03   3.0488844523303055e+03
   5.2278597564461093e-01   3.0525228550828583e+03   3.0509327544658390e+03
   5.2199197294187649e-01   3.0545722503466272e+03   3.0529810754087925e+03
   5.2119797023914205e-01   3.0566216644356105e+03   3.0550294151584944e+03
   5.2040396753640761e-01   3.0586710973491308e+03   3.0570777737142744e+03
   5.1960996483367328e-01   3.0607205490865172e+03   3.0591261510754575e+03
   5.1881596213093872e-01   3.0627700196470973e+03   3.0611745472413731e+03
   5.1802195942820439e-01   3.0648195090301961e+03   3.0632229622113500e+03
   5.1722795672547006e-01   3.0668690172351417e+03   3.0652713959847151e+03
   5.1643395402273551e-01   3.0689185442612616e+03   3.0673198485607963e+03
   5.1563995132000118e-01   3.0709680901078823e+03   3.0693683199389225e+03
   5.1484594861726674e-01   3.0730176547743295e+03   3.0714168101184218e+03
   5.1405194591453229e-01   3.0750672382599319e+03   3.0734653190986210e+03
   5.1325794321179785e-01   3.0771168405640155e+03   3.0755138468788496e+03
   5.1246394050906352e-01   3.0791664616859084e+03   3.0775623934584346e+03
   5.1166993780632908e-01   3.0812161016249361e+03   3.0796109588367040e+03
   5.1087593510359464e-01   3.0832657603804255e+03   3.0816595430129855e+03
   5.1008193240086031e-01   3.0853154379517055e+03   3.0837081459866095e+03
   5.0928792969812586e-01   3.0873651343381007e+03   3.0857567677569004e+03
   5.0849392699539142e-01   3.0894148495389395e+03   3.0878054083231887e+03
   5.0769992429265698e-01   3.0914645835535480e+03   3.0898540676848011e+03
   5.0690592158992265e-01   3.0935143363812531e+03   3.0919027458410665e+03
   5.0611191888718821e-01   3.0955641080213818e+03   3.0939514427913114e+03
   5.0531791618445376e-01   3.0976138984732620e+03   3.0960001585348650e+03
   5.0452391348171943e-01   3.0996637077362188e+03   3.0980488930710558e+03
   5.0372991077898499e-01   3.1017135358095811e+03   3.1000976463992110e+03
   5.0293590807625055e-01   3.1037633826926735e+03   3.1021464185186574e+03
   5.0167496098889086e-01   3.1058132483848253e+03   3.1041952094287244e+03
   5.0041401390153117e-01   3.1078631328853617e+03   3.1062440191287410e+03
   4.9915306681417143e-01   3.1099130361936100e+03   3.1082928476180314e+03
   4.9789211972681174e-01   3.1119629583088977e+03   3.1103416948959270e+03
   4.9663117263945211e-01   3.1140128992305508e+03   3.1123905609617541e+03
   4.9537022555209237e-01   3.1160628589578960e+03   3.1144394458148413e+03
   4.9410927846473263e-01   3.1181128374902605e+03   3.1164883494545165e+03
   4.9284833137737294e-01   3.1201628348269719e+03   3.1185372718801077e+03
   4.9158738429001331e-01   3.1222128509673571e+03   3.1205862130909422e+03
   4.9032643720265356e-01   3.1242628859107404e+03   3.1226351730863471e+03
   4.8906549011529388e-01   3.1263129396564518e+03   3.1246841518656524e+03
   4.8780454302793419e-01   3.1283630122038162e+03   3.1267331494281852e+03
   4.8654359594057445e-01   3.1304131035521623e+03   3.1287821657732729e+03
   4.8528264885321470e-01   3.1324632137008148e+03   3.1308312009002434e+03
   4.8402170176585502e-01   3.1345133426491011e+03   3.1328802548084245e+03
   4.8276075467849533e-01   3.1365634903963492e+03   3.1349293274971446e+03
   4.8149980759113564e-01   3.1386136569418841e+03   3.1369784189657325e+03
   4.8023886050377596e-01   3.1406638422850338e+03   3.1390275292135134e+03
   4.7897791341641627e-01   3.1427140464251247e+03   3.1410766582398178e+03
   4.7771696632905652e-01   3.1447642693614844e+03   3.1431258060439718e+03
   4.7645601924169689e-01   3.1468145110934388e+03   3.1451749726253047e+03
   4.7519507215433721e-01   3.1488647716203150e+03   3.1472241579831430e+03
   4.7393412506697746e-01   3.1509150509414394e+03   3.1492733621168159e+03
   4.7267317797961778e-01   3.1529653490561400e+03   3.1513225850256504e+03
   4.7141223089225803e-01   3.1550156659637423e+03   3.1533718267089730e+03
   4.7015128380489835e-01   3.1570660016635729e+03   3.1554210871661148e+03
   4.6889033671753866e-01   3.1591163561549597e+03   3.1574703663964010e+03
   4.6762938963017897e-01   3.1611667294372282e+03   3.1595196643991594e+03
   4.6636844254281928e-01   3.1632171215097069e+03   3.1615689811737197e+03
   4.6510749545545960e-01   3.1652675323717212e+03   3.1636183167194085e+03
   4.6384654836809985e-01   3.1673179620225983e+03   3.1656676710355541e+03
   4.6258560128074017e-01   3.1693684104616641e+03   3.1677170441214830e+03
   4.6132465419338042e-01   3.1714188776882465e+03   3.1697664359765258e+03
   4.6006370710602079e-01   3.1734693637016726e+03   3.1718158466000068e+03
   4.5880276001866105e-01   3.1755198685012688e+03   3.1738652759912566e+03
   4.5754181293130136e-01   3.1775703920863602e+03   3.1759147241496012e+03
   4.5628086584394167e-01   3.1796209344562749e+03   3.1779641910743690e+03
   4.5501991875658193e-01   3.1816714956103397e+03   3.1800136767648883e+03
   4.5375897166922230e-01   3.1837220755478811e+03   3.1820631812204870e+03
   4.5249802458186256e-01   3.1857726742682266e+03   3.1841127044404911e+03
   4.5123707749450287e-01   3.1878232917707010e+03   3.1861622464242305e+03
   4.4997613040714313e-01   3.1898739280546329e+03   3.1882118071710320e+03
   4.4871518331978349e-01   3.1919245831193484e+03   3.1902613866802235e+03
   4.4745423623242375e-01   3.1939752569641737e+03   3.1923109849511329e+03
   4.4619328914506406e-01   3.1960259495884366e+03   3.1943606019830872e+03
   4.4493234205770438e-01   3.1980766609914622e+03   3.1964102377754161e+03
   4.4367139497034469e-01   3.2001273911725789e+03   3.1984598923274448e+03
   4.4241044788298495e-01   3.2021781401311127e+03   3.2005095656385029e+03
   4.4114950079562532e-01   3.2042289078663898e+03   3.2025592577079174e+03
   4.3988855370826557e-01   3.2062796943777366e+03   3.2046089685350162e+03
   4.3829609159881672e-01   3.2083304996644815e+03   3.2066586981191272e+03
   4.3670362948936786e-01   3.2103813237259496e+03   3.2087084464595773e+03
   4.3511116737991901e-01   3.2124321665614684e+03   3.2107582135556954e+03
   4.3351870527047015e-01   3.2144830281703639e+03   3.2128079994068084e+03
   4.3192624316102135e-01   3.2165339085519636e+03   3.2148578040122447e+03
   4.3033378105157244e-01   3.2185848077055939e+03   3.2169076273713322e+03
   4.2874131894212358e-01   3.2206357256305810e+03   3.2189574694833977e+03
   4.2714885683267467e-01   3.2226866623262517e+03   3.2210073303477693e+03
   4.2555639472322593e-01   3.2247376177919327e+03   3.2230572099637748e+03
   4.2396393261377702e-01   3.2267885920269514e+03   3.2251071083307415e+03
   4.2237147050432816e-01   3.2288395850306333e+03   3.2271570254479975e+03
   4.2077900839487925e-01   3.2308905968023055e+03   3.2292069613148710e+03
   4.1918654628543045e-01   3.2329416273412949e+03   3.2312569159306881e+03
   4.1759408417598159e-01   3.2349926766469280e+03   3.2333068892947781e+03
   4.1600162206653268e-01   3.2370437447185313e+03   3.2353568814064688e+03
   4.1440915995708388e-01   3.2390948315554310e+03   3.2374068922650863e+03
   4.1281669784763497e-01   3.2411459371569549e+03   3.2394569218699598e+03
   4.1122423573818623e-01   3.2431970615224282e+03   3.2415069702204160e+03
   4.0963177362873726e-01   3.2452482046511782e+03   3.2435570373157839e+03
   4.0803931151928846e-01   3.2472993665425324e+03   3.2456071231553888e+03
   4.0644684940983961e-01   3.2493505471958151e+03   3.2476572277385603e+03
   4.0485438730039081e-01   3.2514017466103560e+03   3.2497073510646260e+03
   4.0326192519094195e-01   3.2534529647854793e+03   3.2517574931329132e+03
   4.0166946308149304e-01   3.2555042017205128e+03   3.2538076539427489e+03
   4.0007700097204418e-01   3.2575554574147823e+03   3.2558578334934618e+03
   3.9848453886259533e-01   3.2596067318676146e+03   3.2579080317843795e+03
   3.9689207675314647e-01   3.2616580250783363e+03   3.2599582488148285e+03
   3.9529961464369756e-01   3.2637093370462753e+03   3.2620084845841379e+03
   3.9370715253424876e-01   3.2657606677707558e+03   3.2640587390916344e+03
   3.9211469042479991e-01   3.2678120172511067e+03   3.2661090123366453e+03
   3.9052222831535105e-01   3.2698633854866534e+03   3.2681593043184994e+03
   3.8892976620590219e-01   3.2719147724767213e+03   3.2702096150365237e+03
   3.8733730409645334e-01   3.2739661782206399e+03   3.2722599444900466e+03
   3.8574484198700448e-01   3.2760176027177326e+03   3.2743102926783931e+03
   3.8415237987755563e-01   3.2780690459673283e+03   3.2763606596008949e+03
   3.8255991776810683e-01   3.2801205079687529e+03   3.2784110452568762e+03
   3.8096745565865792e-01   3.2821719887213326e+03   3.2804614496456666e+03
   3.7937499354920901e-01   3.2842234882243943e+03   3.2825118727665927e+03
   3.7778253143976021e-01   3.2862750064772636e+03   3.2845623146189819e+03
   3.7619006933031135e-01   3.2883265434792684e+03   3.2866127752021634e+03
   3.7459760722086249e-01   3.2903780992297347e+03   3.2886632545154634e+03
   3.7300514511141364e-01   3.2924296737279892e+03   3.2907137525582098e+03
   3.7141268300196478e-01   3.2944812669733587e+03   3.2927642693297303e+03
   3.6982022089251593e-01   3.2965328789651685e+03   3.2948148048293519e+03
   3.6822775878306707e-01   3.2985845097027468e+03   3.2968653590564031e+03
   3.6663529667361822e-01   3.3006361591854179e+03   3.2989159320102108e+03
   3.6504283456416936e-01   3.3026878274125106e+03   3.3009665236901033e+03
   3.6345037245472051e-01   3.3047395143833510e+03   3.3030171340954075e+03
   3.6185791034527165e-01   3.3067912200972646e+03   3.3050677632254524e+03
   3.6026544823582279e-01   3.3088429445535780e+03   3.3071184110795630e+03
   3.5864789422462023e-01   3.3108946877516196e+03   3.3091690776570690e+03
   3.5703034021341762e-01   3.3129464496907140e+03   3.3112197629572979e+03
   3.5541278620221506e-01   3.3149982303701872e+03   3.3132704669795758e+03
   3.5379523219101244e-01   3.3170500297893677e+03   3.3153211897232313e+03
   3.5217767817980988e-01   3.3191018479475806e+03   3.3173719311875916e+03
   3.5056012416860727e-01   3.3211536848441533e+03   3.3194226913719854e+03
   3.4894257015740471e-01   3.3232055404784114e+03   3.3214734702757382e+03
   3.4732501614620209e-01   3.3252574148496824e+03   3.3235242678981790e+03
   3.4570746213499959e-01   3.3273093079572918e+03   3.3255750842386360e+03
   3.4408990812379692e-01   3.3293612198005662e+03   3.3276259192964344e+03
   3.4247235411259436e-01   3.3314131503788326e+03   3.3296767730709039e+03
   3.4085480010139174e-01   3.3334650996914179e+03   3.3317276455613705e+03
   3.3923724609018918e-01   3.3355170677376482e+03   3.3337785367671631e+03
   3.3761969207898662e-01   3.3375690545168491e+03   3.3358294466876096e+03
   3.3600213806778401e-01   3.3396210600283480e+03   3.3378803753220345e+03
   3.3438458405658145e-01   3.3416730842714710e+03   3.3399313226697686e+03
   3.3276703004537883e-01   3.3437251272455442e+03   3.3419822887301380e+03
   3.3114947603417622e-01   3.3457771889498940e+03   3.3440332735024708e+03
   3.2953192202297366e-01   3.3478292693838484e+03   3.3460842769860942e+03
   3.2791436801177110e-01   3.3498813685467335e+03   3.3481352991803356e+03
   3.2629681400056854e-01   3.3519334864378739e+03   3.3501863400845223e+03
   3.2467925998936592e-01   3.3539856230565979e+03   3.3522373996979827e+03
   3.2306170597816336e-01   3.3560377784022317e+03   3.3542884780200434e+03
   3.2144415196696074e-01   3.3580899524741003e+03   3.3563395750500317e+03
   3.1982659795575819e-01   3.3601421452715326e+03   3.3583906907872770e+03
   3.1820904394455557e-01   3.3621943567938515e+03   3.3604418252311043e+03
   3.1659148993335295e-01   3.3642465870403876e+03   3.3624929783808434e+03
   3.1497393592215039e-01   3.3662988360104641e+03   3.3645441502358199e+03
   3.1335638191094783e-01   3.3683511037034100e+03   3.3665953407953621e+03
   3.1173882789974522e-01   3.3704033901185494e+03   3.3686465500587974e+03
   3.1012127388854260e-01   3.3724556952552107e+03   3.3706977780254533e+03
   3.0850371987734004e-01   3.3745080191127186e+03   3.3727490246946581e+03
   3.0688616586613748e-01   3.3765603616904004e+03   3.3748002900657375e+03
   3.0526861185493492e-01   3.3786127229875829e+03   3.3768515741380211e+03
   3.0365105784373231e-01   3.3806651030035919e+03   3.3789028769108345e+03
   3.0203350383252969e-01   3.3827175017377540e+03   3.3809541983835061e+03
   3.0041594982132713e-01   3.3847699191893953e+03   3.3830055385553633e+03
   2.9879839581012457e-01   3.3868223553578432e+03   3.3850568974257344e+03
   2.9718084179892196e-01   3.3888748102424220e+03   3.3871082749939451e+03
   2.9556328778771940e-01   3.3909272838424604e+03   3.3891596712593237e+03
   2.9394573377651678e-01   3.3929797761572850e+03   3.3912110862211975e+03
   2.9232817976531422e-01   3.3950322871862195e+03   3.3932625198788951e+03
   2.9071062575411161e-01   3.3970848169285928e+03   3.3953139722317428e+03
   2.8909307174290905e-01   3.3991373653837304e+03   3.3973654432790686e+03
   2.8747551773170643e-01   3.4011899325509589e+03   3.3994169330201994e+03
   2.8585796372050387e-01   3.4032425184296035e+03   3.4014684414544622e+03
   2.8424040970930126e-01   3.4052951230189929e+03   3.4035199685811854e+03
   2.8262285569809870e-01   3.4073477463184518e+03   3.4055715143996968e+03
   2.8100530168689608e-01   3.4094003883273072e+03   3.4076230789093233e+03
   2.7938774767569352e-01   3.4114530490448847e+03   3.4096746621093921e+03
   2.7806648771735554e-01   3.4135057284705122e+03   3.4117262639992309e+03
   2.7674522775901755e-01   3.4155584266035144e+03   3.4137778845781672e+03
   2.7542396780067951e-01   3.4176111434432187e+03   3.4158295238455280e+03
   2.7410270784234159e-01   3.4196638789889521e+03   3.4178811818006416e+03
   2.7278144788400360e-01   3.4217166332400384e+03   3.4199328584428345e+03
   2.7146018792566562e-01   3.4237694061958077e+03   3.4219845537714355e+03
   2.7013892796732764e-01   3.4258221978555830e+03   3.4240362677857697e+03
   2.6881766800898960e-01   3.4278750082186916e+03   3.4260880004851656e+03
   2.6749640805065167e-01   3.4299278372844610e+03   3.4281397518689523e+03
   2.6617514809231368e-01   3.4319806850522177e+03   3.4301915219364555e+03
   2.6485388813397570e-01   3.4340335515212851e+03   3.4322433106870030e+03
   2.6353262817563766e-01   3.4360864366909932e+03   3.4342951181199214e+03
   2.6221136821729968e-01   3.4381393405606668e+03   3.4363469442345395e+03
   2.6089010825896169e-01   3.4401922631296316e+03   3.4383987890301846e+03
   2.5956884830062371e-01   3.4422452043972148e+03   3.4404506525061829e+03
   2.5824758834228567e-01   3.4442981643627436e+03   3.4425025346618627e+03
   2.5692632838394774e-01   3.4463511430255421e+03   3.4445544354965518e+03
   2.5560506842560976e-01   3.4484041403849383e+03   3.4466063550095760e+03
   2.5428380846727178e-01   3.4504571564402577e+03   3.4486582932002648e+03
   2.5296254850893379e-01   3.4525101911908278e+03   3.4507102500679434e+03
   2.5164128855059581e-01   3.4545632446359732e+03   3.4527622256119416e+03
   2.5032002859225783e-01   3.4566163167750219e+03   3.4548142198315850e+03
   2.4899876863391984e-01   3.4586694076072990e+03   3.4568662327262005e+03
   2.4767750867558186e-01   3.4607225171321320e+03   3.4589182642951187e+03
   2.4635624871724385e-01   3.4627756453488460e+03   3.4609703145376634e+03
   2.4503498875890584e-01   3.4648287922567692e+03   3.4630223834531644e+03
   2.4371372880056785e-01   3.4668819578552261e+03   3.4650744710409463e+03
   2.4239246884222987e-01   3.4689351421435440e+03   3.4671265773003388e+03
   2.4107120888389189e-01   3.4709883451210485e+03   3.4691787022306694e+03
   2.3974994892555393e-01   3.4730415667870661e+03   3.4712308458312650e+03
   2.3842868896721592e-01   3.4750948071409225e+03   3.4732830081014522e+03
   2.3710742900887793e-01   3.4771480661819455e+03   3.4753351890405588e+03
   2.3578616905053995e-01   3.4792013439094612e+03   3.4773873886479141e+03
   2.3446490909220197e-01   3.4812546403227948e+03   3.4794396069228414e+03
   2.3314364913386398e-01   3.4833079554212736e+03   3.4814918438646723e+03
   2.3182238917552600e-01   3.4853612892042233e+03   3.4835440994727314e+03
   2.3050112921718802e-01   3.4874146416709714e+03   3.4855963737463471e+03
   2.2917986925885001e-01   3.4894680128208424e+03   3.4876486666848473e+03
   2.2785860930051202e-01   3.4915214026531630e+03   3.4897009782875580e+03
   2.2653734934217404e-01   3.4935748111672624e+03   3.4917533085538071e+03
   2.2521608938383608e-01   3.4956282383624621e+03   3.4938056574829225e+03
   2.2389482942549807e-01   3.4976816842380913e+03   3.4958580250742302e+03
   2.2257356946716009e-01   3.4997351487934752e+03   3.4979104113270596e+03
   2.2125230950882210e-01   3.5017886320279413e+03   3.4999628162407366e+03
   2.1993104955048409e-01   3.5038421339408155e+03   3.5020152398145888e+03
   2.1860978959214611e-01   3.5058956545314227e+03   3.5040676820479430e+03
   2.1728852963380815e-01   3.5079491937990920e+03   3.5061201429401281e+03
   2.1596726967547017e-01   3.5100027517431477e+03   3.5081726224904710e+03
   2.1464600971713216e-01   3.5120563283629158e+03   3.5102251206982978e+03
   2.1332474975879417e-01   3.5141099236577234e+03   3.5122776375629373e+03
   2.1247128089592504e-01   3.5161635376268964e+03   3.5143301730837156e+03
   2.1161781203305596e-01   3.5182171702697619e+03   3.5163827272599615e+03
   2.1076434317018683e-01   3.5202708215856451e+03   3.5184353000910005e+03
   2.0991087430731772e-01   3.5223244915738733e+03   3.5204878915761615e+03
   2.0905740544444862e-01   3.5243781802337721e+03   3.5225405017147718e+03
   2.0820393658157951e-01   3.5264318875646677e+03   3.5245931305061567e+03
   2.0735046771871038e-01   3.5284856135658861e+03   3.5266457779496459e+03
   2.0649699885584125e-01   3.5305393582367537e+03   3.5286984440445653e+03
   2.0564352999297217e-01   3.5325931215765982e+03   3.5307511287902435e+03
   2.0479006113010306e-01   3.5346469035847445e+03   3.5328038321860072e+03
   2.0393659226723393e-01   3.5367007042605187e+03   3.5348565542311831e+03
   2.0308312340436480e-01   3.5387545236032483e+03   3.5369092949250989e+03
   2.0222965454149572e-01   3.5408083616122576e+03   3.5389620542670827e+03
   2.0137618567862658e-01   3.5428622182868762e+03   3.5410148322564614e+03
   2.0052271681575745e-01   3.5449160936264261e+03   3.5430676288925615e+03
   1.9966924795288837e-01   3.5469699876302361e+03   3.5451204441747109e+03
   1.9881577909001924e-01   3.5490239002976327e+03   3.5471732781022374e+03
   1.9796231022715013e-01   3.5510778316279411e+03   3.5492261306744681e+03
   1.9710884136428103e-01   3.5531317816204892e+03   3.5512790018907294e+03
   1.9625537250141192e-01   3.5551857502745997e+03   3.5533318917503498e+03
   1.9540190363854282e-01   3.5572397375896035e+03   3.5553848002526561e+03
   1.9454843477567368e-01   3.5592937435648232e+03   3.5574377273969758e+03
   1.9369496591280461e-01   3.5613477681995860e+03   3.5594906731826354e+03
   1.9284149704993547e-01   3.5634018114932187e+03   3.5615436376089633e+03
   1.9198802818706634e-01   3.5654558734450479e+03   3.5635966206752873e+03
   1.9113455932419726e-01   3.5675099540544002e+03   3.5656496223809318e+03
   1.9028109046132813e-01   3.5695640533205988e+03   3.5677026427252272e+03
   1.8942762159845900e-01   3.5716181712429729e+03   3.5697556817075001e+03
   1.8857415273558992e-01   3.5736723078208479e+03   3.5718087393270771e+03
   1.8772068387272078e-01   3.5757264630535510e+03   3.5738618155832855e+03
   1.8686721500985168e-01   3.5777806369404066e+03   3.5759149104754524e+03
   1.8601374614698257e-01   3.5798348294807438e+03   3.5779680240029061e+03
   1.8516027728411344e-01   3.5818890406738847e+03   3.5800211561649735e+03
   1.8430680842124433e-01   3.5839432705191584e+03   3.5820743069609821e+03
   1.8345333955837523e-01   3.5859975190158898e+03   3.5841274763902584e+03
   1.8259987069550609e-01   3.5880517861634075e+03   3.5861806644521293e+03
   1.8174640183263699e-01   3.5901060719610350e+03   3.5882338711459251e+03
   1.8089293296976788e-01   3.5921603764080992e+03   3.5902870964709687e+03
   1.8003946410689878e-01   3.5942146995039266e+03   3.5923403404265910e+03
   1.7918599524402964e-01   3.5962690412478441e+03   3.5943936030121176e+03
   1.7833252638116054e-01   3.5983234016391784e+03   3.5964468842268752e+03
   1.7747905751829143e-01   3.6003777806772518e+03   3.5985001840701930e+03
   1.7662558865542233e-01   3.6024321783613964e+03   3.6005535025413974e+03
   1.7577211979255319e-01   3.6044865946909345e+03   3.6026068396398159e+03
   1.7491865092968412e-01   3.6065410296651930e+03   3.6046601953647755e+03
   1.7406518206681498e-01   3.6085954832834987e+03   3.6067135697156018e+03
   1.7321171320394588e-01   3.6106499555451778e+03   3.6087669626916254e+03
   1.7235824434107674e-01   3.6127044464495557e+03   3.6108203742921705e+03
   1.7150477547820767e-01   3.6147589559959583e+03   3.6128738045165665e+03
   1.7065130661533853e-01   3.6168134841837159e+03   3.6149272533641401e+03
   1.7021087320474892e-01   3.6188680310121476e+03   3.6169807208342181e+03
   1.6977043979415929e-01   3.6209225964805851e+03   3.6190342069261274e+03
   1.6933000638356968e-01   3.6229771805883543e+03   3.6210877116391976e+03
   1.6888957297298007e-01   3.6250317833347790e+03   3.6231412349727530e+03
   1.6844913956239047e-01   3.6270864047191862e+03   3.6251947769261233e+03
   1.6800870615180080e-01   3.6291410447409030e+03   3.6272483374986341e+03
   1.6756827274121122e-01   3.6311957033992553e+03   3.6293019166896129e+03
   1.6712783933062156e-01   3.6332503806935692e+03   3.6313555144983879e+03
   1.6668740592003198e-01   3.6353050766231700e+03   3.6334091309242849e+03
   1.6624697250944234e-01   3.6373597911873853e+03   3.6354627659666335e+03
   1.6580653909885273e-01   3.6394145243855414e+03   3.6375164196247588e+03
   1.6536610568826310e-01   3.6414692762169630e+03   3.6395700918979896e+03
   1.6492567227767349e-01   3.6435240466809769e+03   3.6416237827856517e+03
   1.6448523886708388e-01   3.6455788357769106e+03   3.6436774922870727e+03
   1.6404480545649425e-01   3.6476336435040894e+03   3.6457312204015807e+03
   1.6360437204590464e-01   3.6496884698618369e+03   3.6477849671285012e+03
   1.6316393863531500e-01   3.6517433148494842e+03   3.6498387324671635e+03
   1.6272350522472540e-01   3.6537981784663552e+03   3.6518925164168945e+03
   1.6228307181413579e-01   3.6558530607117746e+03   3.6539463189770208e+03
   1.6184263840354618e-01   3.6579079615850706e+03   3.6560001401468703e+03
   1.6140220499295654e-01   3.6599628810855693e+03   3.6580539799257699e+03
   1.6096177158236694e-01   3.6620178192125959e+03   3.6601078383130462e+03
   1.6052133817177733e-01   3.6640727759654774e+03   3.6621617153080279e+03
   1.6008090476118769e-01   3.6661277513435398e+03   3.6642156109100401e+03
   1.5964047135059806e-01   3.6681827453461096e+03   3.6662695251184132e+03
   1.5920003794000845e-01   3.6702377579725116e+03   3.6683234579324712e+03
   1.5875960452941884e-01   3.6722927892220728e+03   3.6703774093515431e+03
   1.5831917111882921e-01   3.6743478390941209e+03   3.6724313793749570e+03
   1.5787873770823960e-01   3.6764029075879794e+03   3.6744853680020383e+03
   1.5743830429764999e-01   3.6784579947029770e+03   3.6765393752321143e+03
   1.5699787088706035e-01   3.6805131004384393e+03   3.6785934010645146e+03
   1.5655743747647075e-01   3.6825682247936907e+03   3.6806474454985628e+03
   1.5611700406588114e-01   3.6846233677680589e+03   3.6827015085335893e+03
   1.5567657065529150e-01   3.6866785293608709e+03   3.6847555901689193e+03
   1.5523613724470189e-01   3.6887337095714497e+03   3.6868096904038816e+03
   1.5479570383411226e-01   3.6907889083991258e+03   3.6888638092378023e+03
   1.5435527042352265e-01   3.6928441258432226e+03   3.6909179466700107e+03
   1.5391483701293301e-01   3.6948993619030671e+03   3.6929721026998309e+03
   1.5347440360234341e-01   3.6969546165779852e+03   3.6950262773265927e+03
   1.5303397019175380e-01   3.6990098898673032e+03   3.6970804705496203e+03
   1.5259353678116416e-01   3.7010651817703474e+03   3.6991346823682470e+03
   1.5215310337057456e-01   3.7031204922864436e+03   3.7011889127817926e+03
   1.5171266995998492e-01   3.7051758214149186e+03   3.7032431617895895e+03
   1.5127223654939534e-01   3.7072311691550990e+03   3.7052974293909629e+03
   1.5083180313880570e-01   3.7092865355063091e+03   3.7073517155852401e+03
   1.5039136972821610e-01   3.7113419204678762e+03   3.7094060203717486e+03
   1.4995093631762646e-01   3.7133973240391274e+03   3.7114603437498163e+03
   1.4951050290703685e-01   3.7154527462193878e+03   3.7135146857187688e+03
   1.4907006949644722e-01   3.7175081870079844e+03   3.7155690462779357e+03
   1.4862963608585761e-01   3.7195636464042414e+03   3.7176234254266428e+03
   1.4837918483551538e-01   3.7216191244074880e+03   3.7196778231642170e+03
   1.4812873358517314e-01   3.7236746210170477e+03   3.7217322394899857e+03
   1.4787828233483091e-01   3.7257301362322487e+03   3.7237866744032776e+03
   1.4762783108448871e-01   3.7277856700524162e+03   3.7258411279034181e+03
   1.4737737983414648e-01   3.7298412224768754e+03   3.7278955999897362e+03
   1.4712692858380427e-01   3.7318967935049541e+03   3.7299500906615572e+03
   1.4687647733346201e-01   3.7339523831359775e+03   3.7320045999182098e+03
   1.4662602608311978e-01   3.7360079913692734e+03   3.7340591277590192e+03
   1.4637557483277758e-01   3.7380636182041667e+03   3.7361136741833157e+03
   1.4612512358243535e-01   3.7401192636399842e+03   3.7381682391904246e+03
   1.4587467233209311e-01   3.7421749276760493e+03   3.7402228227796727e+03
   1.4562422108175088e-01   3.7442306103116925e+03   3.7422774249503900e+03
   1.4537376983140865e-01   3.7462863115462364e+03   3.7443320457019008e+03
   1.4512331858106642e-01   3.7483420313790116e+03   3.7463866850335335e+03
   1.4487286733072419e-01   3.7503977698093377e+03   3.7484413429446145e+03
   1.4462241608038195e-01   3.7524535268365471e+03   3.7504960194344721e+03
   1.4437196483003972e-01   3.7545093024599628e+03   3.7525507145024330e+03
   1.4412151357969752e-01   3.7565650966789117e+03   3.7546054281478250e+03
   1.4387106232935529e-01   3.7586209094927194e+03   3.7566601603699755e+03
   1.4362061107901306e-01   3.7606767409007134e+03   3.7587149111682111e+03
   1.4337015982867085e-01   3.7627325909022188e+03   3.7607696805418591e+03
   1.4311970857832862e-01   3.7647884594965622e+03   3.7628244684902465e+03
   1.4286925732798639e-01   3.7668443466830699e+03   3.7648792750127000e+03
   1.4261880607764416e-01   3.7689002524610678e+03   3.7669341001085490e+03
   1.4236835482730192e-01   3.7709561768298818e+03   3.7689889437771194e+03
   1.4211790357695969e-01   3.7730121197888393e+03   3.7710438060177385e+03
   1.4186745232661746e-01   3.7750680813372651e+03   3.7730986868297327e+03
   1.4161700107627523e-01   3.7771240614744866e+03   3.7751535862124315e+03
   1.4136654982593300e-01   3.7791800601998284e+03   3.7772085041651576e+03
   1.4111609857559079e-01   3.7812360775126181e+03   3.7792634406872435e+03
   1.4086564732524856e-01   3.7832921134121807e+03   3.7813183957780147e+03
   1.4061519607490633e-01   3.7853481678978437e+03   3.7833733694367979e+03
   1.4036474482456412e-01   3.7874042409689332e+03   3.7854283616629200e+03
   1.4011429357422189e-01   3.7894603326247734e+03   3.7874833724557084e+03
   1.3986384232387966e-01   3.7915164428646931e+03   3.7895384018144919e+03
   1.3961339107353743e-01   3.7935725716880174e+03   3.7915934497385961e+03
   1.3936293982319520e-01   3.7956287190940707e+03   3.7936485162273470e+03
   1.3911248857285297e-01   3.7976848850821834e+03   3.7957036012800741e+03
   1.3886203732251073e-01   3.7997410696516781e+03   3.7977587048961054e+03
   1.3861158607216850e-01   3.8017972728018808e+03   3.7998138270747654e+03
   1.3836113482182627e-01   3.8038534945321207e+03   3.8018689678153842e+03
   1.3811068357148404e-01   3.8059097348417222e+03   3.8039241271172864e+03
   1.3786023232114183e-01   3.8079659937300107e+03   3.8059793049798013e+03
   1.3760978107079960e-01   3.8100222711963138e+03   3.8080345014022537e+03
   1.3735932982045737e-01   3.8120785672399566e+03   3.8100897163839732e+03
   1.3710887857011514e-01   3.8141348818602655e+03   3.8121449499242858e+03
   1.3685842731977291e-01   3.8161912150565677e+03   3.8142002020225200e+03
   1.3660797606943070e-01   3.8182475668281886e+03   3.8162554726780022e+03
   1.3635752481908847e-01   3.8203039371744549e+03   3.8183107618900594e+03
   1.3610707356874624e-01   3.8223603260946911e+03   3.8203660696580196e+03
   1.3581198417007798e-01   3.8244167335882253e+03   3.8224213959812091e+03
   1.3551689477140971e-01   3.8264731596543834e+03   3.8244767408589546e+03
   1.3522180537274142e-01   3.8285296042924906e+03   3.8265321042905862e+03
   1.3492671597407319e-01   3.8305860675018744e+03   3.8285874862754285e+03
   1.3463162657540489e-01   3.8326425492818589e+03   3.8306428868128091e+03
   1.3433653717673666e-01   3.8346990496317740e+03   3.8326983059020577e+03
   1.3404144777806837e-01   3.8367555685509415e+03   3.8347537435424974e+03
   1.3374635837940010e-01   3.8388121060386902e+03   3.8368091997334582e+03
   1.3345126898073184e-01   3.8408686620943472e+03   3.8388646744742664e+03
   1.3315617958206361e-01   3.8429252367172353e+03   3.8409201677642504e+03
   1.3286109018339531e-01   3.8449818299066837e+03   3.8429756796027364e+03
   1.3256600078472705e-01   3.8470384416620177e+03   3.8450312099890525e+03
   1.3227091138605879e-01   3.8490950719825637e+03   3.8470867589225245e+03
   1.3197582198739050e-01   3.8511517208676460e+03   3.8491423264024806e+03
   1.3168073258872226e-01   3.8532083883165938e+03   3.8511979124282470e+03
   1.3138564319005397e-01   3.8552650743287313e+03   3.8532535169991534e+03
   1.3109055379138571e-01   3.8573217789033852e+03   3.8553091401145266e+03
   1.3079546439271744e-01   3.8593785020398823e+03   3.8573647817736914e+03
   1.3050037499404921e-01   3.8614352437375483e+03   3.8594204419759762e+03
   1.3020528559538092e-01   3.8634920039957092e+03   3.8614761207207089e+03
   1.2991019619671268e-01   3.8655487828136911e+03   3.8635318180072168e+03
   1.2961510679804439e-01   3.8676055801908201e+03   3.8655875338348269e+03
   1.2932001739937615e-01   3.8696623961264231e+03   3.8676432682028658e+03
   1.2902492800070786e-01   3.8717192306198267e+03   3.8696990211106613e+03
   1.2872983860203960e-01   3.8737760836703551e+03   3.8717547925575404e+03
   1.2843474920337133e-01   3.8758329552773366e+03   3.8738105825428324e+03
   1.2813965980470304e-01   3.8778898454400974e+03   3.8758663910658606e+03
   1.2784457040603481e-01   3.8799467541579606e+03   3.8779222181259552e+03
   1.2754948100736654e-01   3.8820036814302571e+03   3.8799780637224426e+03
   1.2725439160869828e-01   3.8840606272563082e+03   3.8820339278546508e+03
   1.2695930221002999e-01   3.8861175916354450e+03   3.8840898105219057e+03
   1.2666421281136173e-01   3.8881745745669909e+03   3.8861457117235359e+03
   1.2636912341269346e-01   3.8902315760502720e+03   3.8882016314588677e+03
   1.2607403401402520e-01   3.8922885960846156e+03   3.8902575697272282e+03
   1.2577894461535694e-01   3.8943456346693465e+03   3.8923135265279466e+03
   1.2548385521668867e-01   3.8964026918037921e+03   3.8943695018603471e+03
   1.2518876581802041e-01   3.8984597674872780e+03   3.8964254957237599e+03
   1.2489367641935215e-01   3.9005168617191302e+03   3.8984815081175107e+03
   1.2459858702068388e-01   3.9025739744986781e+03   3.9005375390409272e+03
   1.2430349762201560e-01   3.9046311058252436e+03   3.9025935884933360e+03
   1.2400840822334736e-01   3.9066882556981536e+03   3.9046496564740651e+03
   1.2371331882467909e-01   3.9087454241167361e+03   3.9067057429824426e+03
   1.2341822942601081e-01   3.9108026110803166e+03   3.9087618480177939e+03
   1.2312314002734255e-01   3.9128598165882213e+03   3.9108179715794472e+03
   1.2282805062867429e-01   3.9149170406397770e+03   3.9128741136667304e+03
   1.2253296123000601e-01   3.9169742832343081e+03   3.9149302742789691e+03
   1.2223787183133776e-01   3.9190315443711424e+03   3.9169864534154917e+03
   1.2194278243266950e-01   3.9210888240496051e+03   3.9190426510756251e+03
   1.2164769303400122e-01   3.9231461222690241e+03   3.9210988672586986e+03
   1.2135260363533296e-01   3.9252034390287231e+03   3.9231551019640356e+03
   1.2092376045735428e-01   3.9272607743280314e+03   3.9252113551909674e+03
   1.2049491727937560e-01   3.9293181281662723e+03   3.9272676269388180e+03
   1.2006607410139693e-01   3.9313755005427747e+03   3.9293239172069175e+03
   1.1963723092341824e-01   3.9334328914568623e+03   3.9313802259945901e+03
   1.1920838774543957e-01   3.9354903009078635e+03   3.9334365533011674e+03
   1.1877954456746090e-01   3.9375477288951042e+03   3.9354928991259708e+03
   1.1835070138948221e-01   3.9396051754179089e+03   3.9375492634683333e+03
   1.1792185821150354e-01   3.9416626404756048e+03   3.9396056463275791e+03
   1.1749301503352487e-01   3.9437201240675186e+03   3.9416620477030351e+03
   1.1706417185554618e-01   3.9457776261929753e+03   3.9437184675940312e+03
   1.1663532867756751e-01   3.9478351468513029e+03   3.9457749059998919e+03
   1.1620648549958883e-01   3.9498926860418269e+03   3.9478313629199456e+03
   1.1577764232161016e-01   3.9519502437638730e+03   3.9498878383535202e+03
   1.1534879914363147e-01   3.9540078200167686e+03   3.9519443322999432e+03
   1.1491995596565280e-01   3.9560654147998389e+03   3.9540008447585406e+03
   1.1449111278767410e-01   3.9581230281124094e+03   3.9560573757286402e+03
   1.1406226960969543e-01   3.9601806599538086e+03   3.9581139252095695e+03
   1.1363342643171676e-01   3.9622383103233615e+03   3.9601704932006564e+03
   1.1320458325373808e-01   3.9642959792203942e+03   3.9622270797012266e+03
   1.1277574007575941e-01   3.9663536666442328e+03   3.9642836847106091e+03
   1.1234689689778074e-01   3.9684113725942043e+03   3.9663403082281307e+03
   1.1191805371980205e-01   3.9704690970696347e+03   3.9683969502531177e+03
   1.1148921054182338e-01   3.9725268400698496e+03   3.9704536107848980e+03
   1.1106036736384470e-01   3.9745846015941770e+03   3.9725102898228001e+03
   1.1063152418586603e-01   3.9766423816419410e+03   3.9745669873661486e+03
   1.1020268100788735e-01   3.9787001802124678e+03   3.9766237034142732e+03
   1.0977383782990867e-01   3.9807579973050870e+03   3.9786804379665027e+03
   1.0934499465192998e-01   3.9828158329191206e+03   3.9807371910221586e+03
   1.0891615147395131e-01   3.9848736870538978e+03   3.9827939625805743e+03
   1.0848730829597264e-01   3.9869315597087430e+03   3.9848507526410749e+03
   1.0805846511799397e-01   3.9889894508829843e+03   3.9869075612029865e+03
   1.0762962194001528e-01   3.9910473605759457e+03   3.9889643882656374e+03
   1.0720077876203660e-01   3.9931052887869569e+03   3.9910212338283563e+03
   1.0677193558405793e-01   3.9951632355153397e+03   3.9930780978904677e+03
   1.0634309240607925e-01   3.9972212007604239e+03   3.9951349804513015e+03
   1.0591424922810057e-01   3.9992791845215347e+03   3.9971918815101831e+03
   1.0548540605012190e-01   4.0013371867979990e+03   3.9992488010664406e+03
   1.0505656287214322e-01   4.0033952075891402e+03   4.0013057391194020e+03
   1.0462771969416455e-01   4.0054532468942884e+03   4.0033626956683938e+03
   1.0419887651618587e-01   4.0075113047127679e+03   4.0054196707127430e+03
   1.0377003333820720e-01   4.0095693810439052e+03   4.0074766642517789e+03
   1.0334119016022851e-01   4.0116274758870259e+03   4.0095336762848269e+03
   1.0291234698224984e-01   4.0136855892414587e+03   4.0115907068112147e+03
   1.0248350380427115e-01   4.0157437211065262e+03   4.0136477558302690e+03
   1.0205466062629248e-01   4.0178018714815580e+03   4.0157048233413188e+03
   1.0162581744831381e-01   4.0198600403658806e+03   4.0177619093436915e+03
   1.0119697427033512e-01   4.0219182277588161e+03   4.0198190138367131e+03
   1.0076813109235645e-01   4.0239764336596941e+03   4.0218761368197106e+03
   1.0033928791437777e-01   4.0260346580678420e+03   4.0239332782920137e+03
   9.9910444736399096e-02   4.0280929009825836e+03   4.0259904382529471e+03
   1.0072183036692549e-01   4.0301511624032455e+03   4.0280476167018396e+03
   1.0153321599745189e-01   4.0322094423291542e+03   4.0301048136380182e+03
   1.0234460162797829e-01   4.0342677407596366e+03   4.0321620290608107e+03
   1.0315598725850469e-01   4.0363260576940206e+03   4.0342192629695437e+03
   1.0396737288903109e-01   4.0383843931316273e+03   4.0362765153635451e+03
   1.0477875851955748e-01   4.0404427470717887e+03   4.0383337862421417e+03
   1.0559014415008389e-01   4.0425011195138277e+03   4.0403910756046625e+03
   1.0640152978061028e-01   4.0445595104570716e+03   4.0424483834504322e+03
   1.0721291541113669e-01   4.0466179199008475e+03   4.0445057097787803e+03
   1.0802430104166308e-01   4.0486763478444818e+03   4.0465630545890340e+03
   1.0883568667218949e-01   4.0507347942872993e+03   4.0486204178805192e+03
   1.0964707230271589e-01   4.0527932592286265e+03   4.0506777996525643e+03
   1.1045845793324227e-01   4.0548517426677899e+03   4.0527351999044968e+03
   1.1126984356376868e-01   4.0569102446041161e+03   4.0547926186356440e+03
   1.1208122919429508e-01   4.0589687650369333e+03   4.0568500558453334e+03
   1.1289261482482146e-01   4.0610273039655658e+03   4.0589075115328919e+03
   1.1370400045534787e-01   4.0630858613893383e+03   4.0609649856976475e+03
   1.1451538608587428e-01   4.0651444373075801e+03   4.0630224783389272e+03
   1.1532677171640068e-01   4.0672030317196163e+03   4.0650799894560582e+03
   1.1613815734692708e-01   4.0692616446247748e+03   4.0671375190483682e+03
   1.1694954297745347e-01   4.0713202760223789e+03   4.0691950671151840e+03
   1.1776092860797988e-01   4.0733789259117575e+03   4.0712526336558349e+03
   1.1857231423850628e-01   4.0754375942922347e+03   4.0733102186696451e+03
   1.1938369986903266e-01   4.0774962811631390e+03   4.0753678221559449e+03
   1.2019508549955907e-01   4.0795549865237958e+03   4.0774254441140606e+03
   1.2100647113008547e-01   4.0816137103735323e+03   4.0794830845433198e+03
   1.2181785676061185e-01   4.0836724527116726e+03   4.0815407434430485e+03
   1.2262924239113827e-01   4.0857312135375464e+03   4.0835984208125774e+03
   1.2344062802166467e-01   4.0877899928504767e+03   4.0856561166512301e+03
   1.2425201365219106e-01   4.0898487906497921e+03   4.0877138309583361e+03
   1.2506339928271745e-01   4.0919076069348180e+03   4.0897715637332230e+03
   1.2587478491324386e-01   4.0939664417048816e+03   4.0918293149752167e+03
   1.2668617054377027e-01   4.0960252949593078e+03   4.0938870846836462e+03
   1.2749755617429664e-01   4.0980841666974238e+03   4.0959448728578386e+03
   1.2830894180482305e-01   4.1001430569185568e+03   4.0980026794971218e+03
   1.2912032743534946e-01   4.1022019656220327e+03   4.1000605046008204e+03
   1.2993171306587584e-01   4.1042608928071768e+03   4.1021183481682656e+03
   1.3074309869640227e-01   4.1063198384733159e+03   4.1041762101987824e+03
   1.3155448432692865e-01   4.1083788026197781e+03   4.1062340906916997e+03
   1.3236586995745506e-01   4.1104377852458874e+03   4.1082919896463427e+03
   1.3317725558798144e-01   4.1124967863509710e+03   4.1103499070620428e+03
   1.3398864121850784e-01   4.1145558059343557e+03   4.1124078429381225e+03
   1.3480002684903425e-01   4.1166148439953677e+03   4.1144657972739124e+03
   1.3561141247956066e-01   4.1186739005333338e+03   4.1165237700687403e+03
   1.3642279811008706e-01   4.1207329755475785e+03   4.1185817613219315e+03
   1.3723418374061344e-01   4.1227920690374322e+03   4.1206397710328147e+03
   1.3804556937113985e-01   4.1248511810022164e+03   4.1226977992007178e+03
   1.3885695500166625e-01   4.1269103114412601e+03   4.1247558458249669e+03
   1.3966834063219263e-01   4.1289694603538901e+03   4.1268139109048916e+03
   1.4047972626271904e-01   4.1310286277394316e+03   4.1288719944398181e+03
   1.4023691179251013e-01   4.1330878135972116e+03   4.1309300964290724e+03
   1.3999409732230125e-01   4.1351470179265571e+03   4.1329882168719832e+03
   1.3975128285209232e-01   4.1372062407267949e+03   4.1350463557678786e+03
   1.3950846838188344e-01   4.1392654819972486e+03   4.1371045131160854e+03
   1.3926565391167456e-01   4.1413247417372468e+03   4.1391626889159324e+03
   1.3902283944146565e-01   4.1433840199461156e+03   4.1412208831667449e+03
   1.3878002497125674e-01   4.1454433166231811e+03   4.1432790958678506e+03
   1.3853721050104784e-01   4.1475026317677703e+03   4.1453373270185784e+03
   1.3829439603083896e-01   4.1495619653792101e+03   4.1473955766182562e+03
   1.3805158156063005e-01   4.1516213174568238e+03   4.1494538446662091e+03
   1.3780876709042117e-01   4.1536806879999431e+03   4.1515121311617668e+03
   1.3756595262021226e-01   4.1557400770078902e+03   4.1535704361042563e+03
   1.3732313815000335e-01   4.1577994844799914e+03   4.1556287594930036e+03
   1.3708032367979445e-01   4.1598589104155772e+03   4.1576871013273367e+03
   1.3683750920958554e-01   4.1619183548139699e+03   4.1597454616065852e+03
   1.3659469473937666e-01   4.1639778176744967e+03   4.1618038403300743e+03
   1.3635188026916775e-01   4.1660372989964872e+03   4.1638622374971328e+03
   1.3610906579895884e-01   4.1680967987792628e+03   4.1659206531070868e+03
   1.3586625132874997e-01   4.1701563170221543e+03   4.1679790871592659e+03
   1.3562343685854106e-01   4.1722158537244868e+03   4.1700375396529953e+03
   1.3538062238833218e-01   4.1742754088855854e+03   4.1720960105876047e+03
   1.3513780791812327e-01   4.1763349825047790e+03   4.1741544999624202e+03
   1.3489499344791436e-01   4.1783945745813908e+03   4.1762130077767697e+03
   1.3465217897770546e-01   4.1804541851147515e+03   4.1782715340299801e+03
   1.3440936450749658e-01   4.1825138141041834e+03   4.1803300787213802e+03
   1.3416655003728767e-01   4.1845734615490155e+03   4.1823886418502962e+03
   1.3392373556707876e-01   4.1866331274485747e+03   4.1844472234160585e+03
   1.3368092109686985e-01   4.1886928118021833e+03   4.1865058234179887e+03
   1.3343810662666095e-01   4.1907525146091748e+03   4.1885644418554220e+03
   1.3319529215645207e-01   4.1928122358688679e+03   4.1906230787276791e+03
   1.3295247768624319e-01   4.1948719755805951e+03   4.1926817340340913e+03
   1.3270966321603428e-01   4.1969317337436805e+03   4.1947404077739857e+03
   1.3246684874582537e-01   4.1989915103574504e+03   4.1967990999466883e+03
   1.3222403427561646e-01   4.2010513054212315e+03   4.1988578105515289e+03
   1.3198121980540756e-01   4.2031111189343519e+03   4.2009165395878354e+03
   1.3173840533519868e-01   4.2051709508961358e+03   4.2029752870549319e+03
   1.3149559086498977e-01   4.2072308013059101e+03   4.2050340529521472e+03
   1.3125277639478086e-01   4.2092906701630027e+03   4.2070928372788103e+03
   1.3100996192457198e-01   4.2113505574667397e+03   4.2091516400342489e+03
   1.3076714745436308e-01   4.2134104632164463e+03   4.2112104612177891e+03
   1.3052433298415417e-01   4.2154703874114493e+03   4.2132693008287597e+03
   1.3028151851394529e-01   4.2175303300510768e+03   4.2153281588664868e+03
   1.3003870404373638e-01   4.2195902911346539e+03   4.2173870353303009e+03
   1.2979588957352747e-01   4.2216502706615083e+03   4.2194459302195264e+03
   1.2955307510331859e-01   4.2237102686309654e+03   4.2215048435334911e+03
   1.2931026063310969e-01   4.2257702850423520e+03   4.2235637752715247e+03
   1.2906744616290078e-01   4.2278303198949943e+03   4.2256227254329524e+03
   1.2882463169269187e-01   4.2298903731882192e+03   4.2276816940171029e+03
   1.2858181722248299e-01   4.2319504449213555e+03   4.2297406810233060e+03
   1.2833900275227408e-01   4.2340105350937256e+03   4.2317996864508859e+03
   1.2825162068638760e-01   4.2360706437046592e+03   4.2338587102991723e+03
   1.2816423862050111e-01   4.2381307707534806e+03   4.2359177525674904e+03
   1.2807685655461462e-01   4.2401909162395177e+03   4.2379768132551708e+03
   1.2798947448872816e-01   4.2422510801620983e+03   4.2400358923615395e+03
   1.2790209242284167e-01   4.2443112625205458e+03   4.2420949898859235e+03
   1.2781471035695519e-01   4.2463714633141899e+03   4.2441541058276534e+03
   1.2772732829106870e-01   4.2484316825423530e+03   4.2462132401860526e+03
   1.2763994622518221e-01   4.2504919202043666e+03   4.2482723929604517e+03
   1.2755256415929572e-01   4.2525521762995550e+03   4.2503315641501777e+03
   1.2746518209340923e-01   4.2546124508272451e+03   4.2523907537545583e+03
   1.2737780002752275e-01   4.2566727437867630e+03   4.2544499617729207e+03
   1.2729041796163626e-01   4.2587330551774348e+03   4.2565091882045908e+03
   1.2720303589574980e-01   4.2607933849985884e+03   4.2585684330489012e+03
   1.2711565382986331e-01   4.2628537332495507e+03   4.2606276963051750e+03
   1.2702827176397682e-01   4.2649140999296460e+03   4.2626869779727413e+03
   1.2694088969809034e-01   4.2669744850382031e+03   4.2647462780509277e+03
   1.2685350763220385e-01   4.2690348885745461e+03   4.2668055965390613e+03
   1.2676612556631739e-01   4.2710953105380058e+03   4.2688649334364709e+03
   1.2667874350043090e-01   4.2731557509279064e+03   4.2709242887424844e+03
   1.2659136143454441e-01   4.2752162097435721e+03   4.2729836624564277e+03
   1.2650397936865793e-01   4.2772766869843335e+03   4.2750430545776308e+03
   1.2641659730277144e-01   4.2793371826495149e+03   4.2771024651054186e+03
   1.2632921523688495e-01   4.2813976967384433e+03   4.2791618940391218e+03
   1.2624183317099846e-01   4.2834582292504474e+03   4.2812213413780664e+03
   1.2615445110511198e-01   4.2855187801848506e+03   4.2832808071215777e+03
   1.2606706903922549e-01   4.2875793495409825e+03   4.2853402912689880e+03
   1.2597968697333903e-01   4.2896399373181666e+03   4.2873997938196235e+03
   1.2589230490745254e-01   4.2917005435157316e+03   4.2894593147728101e+03
   1.2580492284156605e-01   4.2937611681330054e+03   4.2915188541278776e+03
   1.2571754077567956e-01   4.2958218111693113e+03   4.2935784118841511e+03
   1.2563015870979308e-01   4.2978824726239782e+03   4.2956379880409622e+03
   1.2554277664390659e-01   4.2999431524963320e+03   4.2976975825976342e+03
   1.2545539457802010e-01   4.3020038507856989e+03   4.2997571955534986e+03
   1.2536801251213364e-01   4.3040645674914076e+03   4.3018168269078815e+03
   1.2528063044624715e-01   4.3061253026127833e+03   4.3038764766601107e+03
   1.2519324838036067e-01   4.3081860561491521e+03   4.3059361448095133e+03
   1.2510586631447418e-01   4.3102468280998419e+03   4.3079958313554171e+03
   1.2501848424858769e-01   4.3123076184641786e+03   4.3100555362971518e+03
   1.2493110218270120e-01   4.3143684272414885e+03   4.3121152596340416e+03
   1.2484372011681472e-01   4.3164292544311002e+03   4.3141750013654182e+03
   1.2475633805092823e-01   4.3184901000323380e+03   4.3162347614906075e+03
   1.2466895598504177e-01   4.3205509640445298e+03   4.3182945400089357e+03
   1.2458157391915528e-01   4.3226118464670026e+03   4.3203543369197332e+03
   1.2449419185326879e-01   4.3246727472990815e+03   4.3224141522223263e+03
   1.2440680978738231e-01   4.3267336665400971e+03   4.3244739859160427e+03
   1.2431942772149582e-01   4.3287946041893720e+03   4.3265338380002122e+03
   1.2423204565560933e-01   4.3308555602462338e+03   4.3285937084741590e+03
   1.2414466358972286e-01   4.3329165347100106e+03   4.3306535973372138e+03
   1.2405728152383637e-01   4.3349775275800266e+03   4.3327135045887026e+03
   1.2396989945794988e-01   4.3370385388556124e+03   4.3347734302279550e+03
   1.2404422276276614e-01   4.3390995685360913e+03   4.3368333742542964e+03
   1.2411854606758238e-01   4.3411606166207912e+03   4.3388933366670562e+03
   1.2419286937239864e-01   4.3432216831090391e+03   4.3409533174655626e+03
   1.2426719267721489e-01   4.3452827680001610e+03   4.3430133166491414e+03
   1.2434151598203115e-01   4.3473438712934858e+03   4.3450733342171234e+03
   1.2441583928684739e-01   4.3494049929883377e+03   4.3471333701688327e+03
   1.2449016259166365e-01   4.3514661330840445e+03   4.3491934245036009e+03
   1.2456448589647989e-01   4.3535272915799324e+03   4.3512534972207532e+03
   1.2463880920129614e-01   4.3555884684753282e+03   4.3533135883196173e+03
   1.2471313250611239e-01   4.3576496637695600e+03   4.3553736977995241e+03
   1.2478745581092865e-01   4.3597108774619528e+03   4.3574338256597975e+03
   1.2486177911574489e-01   4.3617721095518355e+03   4.3594939718997657e+03
   1.2493610242056115e-01   4.3638333600385331e+03   4.3615541365187601e+03
   1.2501042572537741e-01   4.3658946289213727e+03   4.3636143195161067e+03
   1.2508474903019365e-01   4.3679559161996804e+03   4.3656745208911307e+03
   1.2515907233500989e-01   4.3700172218727857e+03   4.3677347406431645e+03
   1.2523339563982616e-01   4.3720785459400122e+03   4.3697949787715334e+03
   1.2530771894464240e-01   4.3741398884006885e+03   4.3718552352755651e+03
   1.2538204224945865e-01   4.3762012492541407e+03   4.3739155101545866e+03
   1.2545636555427492e-01   4.3782626284996959e+03   4.3759758034079287e+03
   1.2553068885909119e-01   4.3803240261366809e+03   4.3780361150349154e+03
   1.2560501216390743e-01   4.3823854421644219e+03   4.3800964450348783e+03
   1.2567933546872367e-01   4.3844468765822476e+03   4.3821567934071454e+03
   1.2575365877353992e-01   4.3865083293894832e+03   4.3842171601510399e+03
   1.2582798207835616e-01   4.3885698005854547e+03   4.3862775452658934e+03
   1.2590230538317243e-01   4.3906312901694919e+03   4.3883379487510329e+03
   1.2597662868798867e-01   4.3926927981409181e+03   4.3903983706057888e+03
   1.2605095199280492e-01   4.3947543244990638e+03   4.3924588108294838e+03
   1.2612527529762119e-01   4.3968158692432517e+03   4.3945192694214493e+03
   1.2619959860243740e-01   4.3988774323728112e+03   4.3965797463810131e+03
   1.2627392190725367e-01   4.4009390138870704e+03   4.3986402417075024e+03
   1.2634824521206994e-01   4.4030006137853534e+03   4.4007007554002448e+03
   1.2642256851688616e-01   4.4050622320669891e+03   4.4027612874585702e+03
   1.2649689182170243e-01   4.4071238687313025e+03   4.4048218378818028e+03
   1.2657121512651870e-01   4.4091855237776217e+03   4.4068824066692732e+03
   1.2664553843133491e-01   4.4112471972052726e+03   4.4089429938203093e+03
   1.2671986173615118e-01   4.4133088890135859e+03   4.4110035993342390e+03
   1.2679418504096743e-01   4.4153705992018822e+03   4.4130642232103883e+03
   1.2686850834578370e-01   4.4174323277694930e+03   4.4151248654480878e+03
   1.2694283165059994e-01   4.4194940747157434e+03   4.4171855260466655e+03
   1.2701715495541618e-01   4.4215558400399614e+03   4.4192462050054464e+03
   1.2709147826023245e-01   4.4236176237414720e+03   4.4213069023237585e+03
   1.2716580156504870e-01   4.4256794258196032e+03   4.4233676180009343e+03
   1.2724012486986494e-01   4.4277412462736829e+03   4.4254283520362969e+03
   1.2731444817468121e-01   4.4298030851030380e+03   4.4274891044291780e+03
   1.2738877147949745e-01   4.4318649423069928e+03   4.4295498751789028e+03
   1.2746309478431370e-01   4.4339268178848770e+03   4.4316106642848008e+03
   1.2753741808912997e-01   4.4359887118360166e+03   4.4336714717461982e+03
   1.2761174139394621e-01   4.4380506241597368e+03   4.4357322975624256e+03
   1.2768606469876245e-01   4.4401125548553673e+03   4.4377931417328091e+03
   1.2787340496946106e-01   4.4421745039222342e+03   4.4398540042566774e+03
   1.2806074524015967e-01   4.4442364713596635e+03   4.4419148851333584e+03
   1.2824808551085828e-01   4.4462984571669840e+03   4.4439757843621801e+03
   1.2843542578155692e-01   4.4483604613435209e+03   4.4460367019424702e+03
   1.2862276605225553e-01   4.4504224838886012e+03   4.4480976378735568e+03
   1.2881010632295414e-01   4.4524845248015527e+03   4.4501585921547685e+03
   1.2899744659365275e-01   4.4545465840817014e+03   4.4522195647854323e+03
   1.2918478686435136e-01   4.4566086617283763e+03   4.4542805557648771e+03
   1.2937212713504997e-01   4.4586707577409024e+03   4.4563415650924317e+03
   1.2955946740574859e-01   4.4607328721186086e+03   4.4584025927674220e+03
   1.2974680767644722e-01   4.4627950048608200e+03   4.4604636387891778e+03
   1.2993414794714581e-01   4.4648571559668635e+03   4.4625247031570261e+03
   1.3012148821784442e-01   4.4669193254360671e+03   4.4645857858702957e+03
   1.3030882848854303e-01   4.4689815132677568e+03   4.4666468869283126e+03
   1.3049616875924167e-01   4.4710437194612605e+03   4.4687080063304084e+03
   1.3068350902994025e-01   4.4731059440159061e+03   4.4707691440759090e+03
   1.3087084930063886e-01   4.4751681869310196e+03   4.4728303001641434e+03
   1.3105818957133750e-01   4.4772304482059280e+03   4.4748914745944376e+03
   1.3124552984203611e-01   4.4792927278399575e+03   4.4769526673661212e+03
   1.3143287011273472e-01   4.4813550258324367e+03   4.4790138784785231e+03
   1.3162021038343336e-01   4.4834173421826908e+03   4.4810751079309703e+03
   1.3180755065413197e-01   4.4854796768900487e+03   4.4831363557227914e+03
   1.3199489092483058e-01   4.4875420299538364e+03   4.4851976218533127e+03
   1.3218223119552919e-01   4.4896044013733817e+03   4.4872589063218666e+03
   1.3236957146622780e-01   4.4916667911480117e+03   4.4893202091277753e+03
   1.3255691173692641e-01   4.4937291992770524e+03   4.4913815302703724e+03
   1.3274425200762502e-01   4.4957916257598299e+03   4.4934428697489830e+03
   1.3293159227832363e-01   4.4978540705956739e+03   4.4955042275629339e+03
   1.3311893254902227e-01   4.4999165337839104e+03   4.4975656037115577e+03
   1.3330627281972088e-01   4.5019790153238673e+03   4.4996269981941805e+03
   1.3349361309041949e-01   4.5040415152148707e+03   4.5016884110101282e+03
   1.3368095336111807e-01   4.5061040334562485e+03   4.5037498421587316e+03
   1.3386829363181671e-01   4.5081665700473259e+03   4.5058112916393184e+03
   1.3405563390251532e-01   4.5102291249874315e+03   4.5078727594512156e+03
   1.3424297417321393e-01   4.5122916982758925e+03   4.5099342455937513e+03
   1.3443031444391254e-01   4.5143542899120348e+03   4.5119957500662558e+03
   1.3461765471461118e-01   4.5164168998951873e+03   4.5140572728680554e+03
   1.3480499498530979e-01   4.5184795282246760e+03   4.5161188139984797e+03
   1.3499233525600840e-01   4.5205421748998288e+03   4.5181803734568548e+03
   1.3517967552670701e-01   4.5226048399199726e+03   4.5202419512425085e+03
   1.3536701579740562e-01   4.5246675232844336e+03   4.5223035473547752e+03
   1.3555435606810423e-01   4.5267302249925388e+03   4.5243651617929745e+03
   1.3574169633880284e-01   4.5287929450436177e+03   4.5264267945564397e+03
   1.3592903660950145e-01   4.5308556834369938e+03   4.5284884456444970e+03
   1.3611637688020006e-01   4.5329184401719986e+03   4.5305501150564778e+03
   1.3630371715089870e-01   4.5349812152479562e+03   4.5326118027917064e+03
   1.3649105742159731e-01   4.5370440086641947e+03   4.5346735088495125e+03
   1.3667839769229592e-01   4.5391068204200410e+03   4.5367352332292239e+03
   1.3686573796299453e-01   4.5411696505148220e+03   4.5387969759301714e+03
   1.3705307823369314e-01   4.5432324989478657e+03   4.5408587369516799e+03
   1.3726770249183542e-01   4.5452953657185008e+03   4.5429205162930784e+03
   1.3748232674997768e-01   4.5473582508260506e+03   4.5449823139536975e+03
   1.3769695100811999e-01   4.5494211542698440e+03   4.5470441299328622e+03
   1.3791157526626227e-01   4.5514840760492089e+03   4.5491059642299024e+03
   1.3812619952440452e-01   4.5535470161634730e+03   4.5511678168441467e+03
   1.3834082378254681e-01   4.5556099746119635e+03   4.5532296877749231e+03
   1.3855544804068909e-01   4.5576729513940045e+03   4.5552915770215586e+03
   1.3877007229883137e-01   4.5597359465089276e+03   4.5573534845833829e+03
   1.3898469655697365e-01   4.5617989599560578e+03   4.5594154104597246e+03
   1.3919932081511593e-01   4.5638619917347214e+03   4.5614773546499100e+03
   1.3941394507325822e-01   4.5659250418442480e+03   4.5635393171532687e+03
   1.3962856933140047e-01   4.5679881102839618e+03   4.5656012979691304e+03
   1.3984319358954275e-01   4.5700511970531943e+03   4.5676632970968212e+03
   1.4005781784768503e-01   4.5721143021512698e+03   4.5697253145356699e+03
   1.4027244210582729e-01   4.5741774255775154e+03   4.5717873502850052e+03
   1.4048706636396957e-01   4.5762405673312578e+03   4.5738494043441560e+03
   1.4070169062211185e-01   4.5783037274118287e+03   4.5759114767124493e+03
   1.4091631488025413e-01   4.5803669058185515e+03   4.5779735673892146e+03
   1.4113093913839642e-01   4.5824301025507530e+03   4.5800356763737791e+03
   1.4134556339653870e-01   4.5844933176077611e+03   4.5820978036654715e+03
   1.4156018765468098e-01   4.5865565509889057e+03   4.5841599492636224e+03
   1.4177481191282326e-01   4.5886198026935126e+03   4.5862221131675569e+03
   1.4198943617096554e-01   4.5906830727209071e+03   4.5882842953766049e+03
   1.4220406042910783e-01   4.5927463610704181e+03   4.5903464958900950e+03
   1.4241868468725011e-01   4.5948096677413741e+03   4.5924087147073533e+03
   1.4263330894539239e-01   4.5968729927331015e+03   4.5944709518277123e+03
   1.4284793320353464e-01   4.5989363360449261e+03   4.5965332072504971e+03
   1.4306255746167693e-01   4.6009996976761768e+03   4.5985954809750365e+03
   1.4327718171981921e-01   4.6030630776261823e+03   4.6006577730006611e+03
   1.4349180597796149e-01   4.6051264758942662e+03   4.6027200833266961e+03
   1.4370643023610377e-01   4.6071898924797606e+03   4.6047824119524730e+03
   1.4392105449424605e-01   4.6092533273819881e+03   4.6068447588773170e+03
   1.4413567875238831e-01   4.6113167806002803e+03   4.6089071241005595e+03
   1.4435030301053059e-01   4.6133802521339612e+03   4.6109695076215276e+03
   1.4456492726867287e-01   4.6154437419823598e+03   4.6130319094395491e+03
   1.4477955152681515e-01   4.6175072501448039e+03   4.6150943295539528e+03
   1.4499417578495744e-01   4.6195707766206187e+03   4.6171567679640684e+03
   1.4520880004309972e-01   4.6216343214091348e+03   4.6192192246692230e+03
   1.4542342430124200e-01   4.6236978845096764e+03   4.6212816996687470e+03
   1.4563804855938428e-01   4.6257614659215733e+03   4.6233441929619657e+03
   1.4585267281752654e-01   4.6278250656441523e+03   4.6254067045482097e+03
   1.4606729707566882e-01   4.6298886836767415e+03   4.6274692344268078e+03
   1.4628192133381110e-01   4.6319523200186659e+03   4.6295317825970851e+03
   1.4649654559195338e-01   4.6340159746692561e+03   4.6315943490583750e+03
   1.4671116985009566e-01   4.6360796476278365e+03   4.6336569338100026e+03
   1.4692579410823792e-01   4.6381433388937357e+03   4.6357195368512985e+03
   1.4714041836638020e-01   4.6402070484662836e+03   4.6377821581815897e+03
   1.4735504262452248e-01   4.6422707763448034e+03   4.6398447978002050e+03
   1.4756966688266476e-01   4.6443345225286257e+03   4.6419074557064732e+03
   1.4778429114080704e-01   4.6463982870170767e+03   4.6439701318997240e+03
   1.4793503231588029e-01   4.6484620698094841e+03   4.6460328263792817e+03
   1.4808577349095350e-01   4.6505258709051750e+03   4.6480955391444795e+03
   1.4823651466602672e-01   4.6525896903034782e+03   4.6501582701946445e+03
   1.4838725584109996e-01   4.6546535280037215e+03   4.6522210195291045e+03
   1.4853799701617321e-01   4.6567173840052283e+03   4.6542837871471893e+03
   1.4868873819124645e-01   4.6587812583073301e+03   4.6563465730482249e+03
   1.4883947936631964e-01   4.6608451509093538e+03   4.6584093772315427e+03
   1.4899022054139288e-01   4.6629090618106284e+03   4.6604721996964709e+03
   1.4914096171646612e-01   4.6649729910104761e+03   4.6625350404423361e+03
   1.4929170289153937e-01   4.6670369385082286e+03   4.6645978994684692e+03
   1.4944244406661258e-01   4.6691009043032136e+03   4.6666607767741971e+03
   1.4959318524168580e-01   4.6711648883947573e+03   4.6687236723588485e+03
   1.4974392641675904e-01   4.6732288907821885e+03   4.6707865862217541e+03
   1.4989466759183226e-01   4.6752929114648332e+03   4.6728495183622399e+03
   1.5004540876690547e-01   4.6773569504420193e+03   4.6749124687796357e+03
   1.5019614994197872e-01   4.6794210077130765e+03   4.6769754374732702e+03
   1.5034689111705196e-01   4.6814850832773309e+03   4.6790384244424722e+03
   1.5049763229212521e-01   4.6835491771341076e+03   4.6811014296865706e+03
   1.5064837346719842e-01   4.6856132892827372e+03   4.6831644532048922e+03
   1.5079911464227164e-01   4.6876774197225486e+03   4.6852274949967677e+03
   1.5094985581734488e-01   4.6897415684528642e+03   4.6872905550615242e+03
   1.5110059699241812e-01   4.6918057354730172e+03   4.6893536333984903e+03
   1.5125133816749134e-01   4.6938699207823311e+03   4.6914167300069976e+03
   1.5140207934256456e-01   4.6959341243801346e+03   4.6934798448863703e+03
   1.5155282051763780e-01   4.6979983462657592e+03   4.6955429780359409e+03
   1.5170356169271104e-01   4.7000625864385265e+03   4.6976061294550345e+03
   1.5185430286778426e-01   4.7021268448977680e+03   4.6996692991429854e+03
   1.5200504404285747e-01   4.7041911216428107e+03   4.7017324870991160e+03
   1.5215578521793072e-01   4.7062554166729824e+03   4.7037956933227597e+03
   1.5230652639300396e-01   4.7083197299876074e+03   4.7058589178132406e+03
   1.5245726756807718e-01   4.7103840615860190e+03   4.7079221605698931e+03
   1.5260800874315042e-01   4.7124484114675406e+03   4.7099854215920413e+03
   1.5275874991822364e-01   4.7145127796315019e+03   4.7120487008790151e+03
   1.5290949109329688e-01   4.7165771660772298e+03   4.7141119984301458e+03
   1.5306023226837009e-01   4.7186415708040540e+03   4.7161753142447587e+03
   1.5321097344344331e-01   4.7207059938112980e+03   4.7182386483221817e+03
   1.5336171461851655e-01   4.7227704350982922e+03   4.7203020006617489e+03
   1.5351245579358980e-01   4.7248348946643646e+03   4.7223653712627847e+03
   1.5366319696866304e-01   4.7268993725088421e+03   4.7244287601246178e+03
   1.5381393814373626e-01   4.7289638686310536e+03   4.7264921672465798e+03
   1.5396467931880947e-01   4.7310283830303269e+03   4.7285555926280003e+03
   1.5411542049388272e-01   4.7330929157059863e+03   4.7306190362682019e+03
   1.5426616166895596e-01   4.7351574666573633e+03   4.7326824981665186e+03
   1.5441690284402915e-01   4.7372220358837849e+03   4.7347459783222776e+03
   1.5456764401910239e-01   4.7392866233845771e+03   4.7368094767348075e+03
   1.5471838519417563e-01   4.7413512291590696e+03   4.7388729934034382e+03
   1.5486912636924885e-01   4.7434158532065894e+03   4.7409365283274974e+03
   1.5501986754432209e-01   4.7454804955264644e+03   4.7430000815063158e+03
   1.5517060871939531e-01   4.7475451561180225e+03   4.7450636529392186e+03
   1.5532134989446855e-01   4.7496098349805925e+03   4.7471272426255382e+03
   1.5534281355301083e-01   4.7516745321135004e+03   4.7491908505646024e+03
   1.5536427721155313e-01   4.7537392475160741e+03   4.7512544767557392e+03
   1.5538574087009541e-01   4.7558039811876424e+03   4.7533181211982783e+03
   1.5540720452863774e-01   4.7578687331275323e+03   4.7553817838915484e+03
   1.5542866818718001e-01   4.7599335033350726e+03   4.7574454648348774e+03
   1.5545013184572229e-01   4.7619982918095911e+03   4.7595091640275969e+03
   1.5547159550426462e-01   4.7640630985504140e+03   4.7615728814690337e+03
   1.5549305916280690e-01   4.7661279235568700e+03   4.7636366171585159e+03
   1.5551452282134920e-01   4.7681927668282888e+03   4.7657003710953732e+03
   1.5553598647989147e-01   4.7702576283639964e+03   4.7677641432789351e+03
   1.5555745013843381e-01   4.7723225081633218e+03   4.7698279337085296e+03
   1.5557891379697608e-01   4.7743874062255900e+03   4.7718917423834882e+03
   1.5560037745551836e-01   4.7764523225501334e+03   4.7739555693031371e+03
   1.5562184111406066e-01   4.7785172571362764e+03   4.7760194144668048e+03
   1.5564330477260296e-01   4.7805822099833476e+03   4.7780832778738231e+03
   1.5566476843114524e-01   4.7826471810906751e+03   4.7801471595235180e+03
   1.5568623208968752e-01   4.7847121704575884e+03   4.7822110594152209e+03
   1.5570769574822985e-01   4.7867771780834137e+03   4.7842749775482589e+03
   1.5572915940677212e-01   4.7888422039674779e+03   4.7863389139219616e+03
   1.5575062306531440e-01   4.7909072481091107e+03   4.7884028685356589e+03
   1.5577208672385673e-01   4.7929723105076409e+03   4.7904668413886784e+03
   1.5579355038239900e-01   4.7950373911623938e+03   4.7925308324803491e+03
   1.5581501404094131e-01   4.7971024900727007e+03   4.7945948418100024e+03
   1.5583647769948361e-01   4.7991676072378850e+03   4.7966588693769636e+03
   1.5585794135802589e-01   4.8012327426572792e+03   4.7987229151805650e+03
   1.5587940501656816e-01   4.8032978963302094e+03   4.8007869792201327e+03
   1.5590086867511049e-01   4.8053630682560024e+03   4.8028510614949992e+03
   1.5592233233365277e-01   4.8074282584339880e+03   4.8049151620044895e+03
   1.5594379599219504e-01   4.8094934668634933e+03   4.8069792807479371e+03
   1.5596525965073735e-01   4.8115586935438478e+03   4.8090434177246661e+03
   1.5598672330927965e-01   4.8136239384743767e+03   4.8111075729340100e+03
   1.5600818696782193e-01   4.8156892016544098e+03   4.8131717463752957e+03
   1.5602965062636423e-01   4.8177544830832758e+03   4.8152359380478520e+03
   1.5605111428490653e-01   4.8198197827603017e+03   4.8173001479510103e+03
   1.5607257794344881e-01   4.8218851006848163e+03   4.8193643760840969e+03
   1.5609404160199111e-01   4.8239504368561466e+03   4.8214286224464413e+03
   1.5611550526053342e-01   4.8260157912736204e+03   4.8234928870373742e+03
   1.5613696891907569e-01   4.8280811639365675e+03   4.8255571698562226e+03
   1.5615843257761799e-01   4.8301465548443139e+03   4.8276214709023179e+03
   1.5617989623616027e-01   4.8322119639961893e+03   4.8296857901749881e+03
   1.5620135989470257e-01   4.8342773913915216e+03   4.8317501276735629e+03
   1.5622282355324488e-01   4.8363428370296378e+03   4.8338144833973693e+03
   1.5624428721178715e-01   4.8384083009098667e+03   4.8358788573457396e+03
   1.5626575087032946e-01   4.8404737830315380e+03   4.8379432495180017e+03
   1.5628721452887176e-01   4.8425392833939777e+03   4.8400076599134836e+03
   1.5630867818741406e-01   4.8446048019965147e+03   4.8420720885315150e+03
   1.5633014184595634e-01   4.8466703388384758e+03   4.8441365353714255e+03
   1.5635160550449864e-01   4.8487358939191909e+03   4.8462010004325457e+03
   1.5637306916304092e-01   4.8508014672379886e+03   4.8482654837142018e+03
   1.5639453282158322e-01   4.8528670587941951e+03   4.8503299852157261e+03
   1.5626513352271959e-01   4.8549326685871392e+03   4.8523945049364456e+03
   1.5613573422385596e-01   4.8569982966161497e+03   4.8544590428756883e+03
   1.5600633492499233e-01   4.8590639428805544e+03   4.8565235990327865e+03
   1.5587693562612873e-01   4.8611296073796811e+03   4.8585881734070690e+03
   1.5574753632726510e-01   4.8631952901128598e+03   4.8606527659978638e+03
   1.5561813702840147e-01   4.8652609910794163e+03   4.8627173768045013e+03
   1.5548873772953783e-01   4.8673267102786795e+03   4.8647820058263087e+03
   1.5535933843067420e-01   4.8693924477099790e+03   4.8668466530626183e+03
   1.5522993913181060e-01   4.8714582033726410e+03   4.8689113185127562e+03
   1.5510053983294694e-01   4.8735239772659952e+03   4.8709760021760540e+03
   1.5497114053408334e-01   4.8755897693893685e+03   4.8730407040518385e+03
   1.5484174123521971e-01   4.8776555797420888e+03   4.8751054241394422e+03
   1.5471234193635605e-01   4.8797214083234894e+03   4.8771701624381940e+03
   1.5458294263749245e-01   4.8817872551328919e+03   4.8792349189474198e+03
   1.5445354333862879e-01   4.8838531201696296e+03   4.8812996936664531e+03
   1.5432414403976516e-01   4.8859190034330268e+03   4.8833644865946189e+03
   1.5419474474090156e-01   4.8879849049224140e+03   4.8854292977312498e+03
   1.5406534544203793e-01   4.8900508246371191e+03   4.8874941270756763e+03
   1.5393594614317430e-01   4.8921167625764692e+03   4.8895589746272235e+03
   1.5380654684431067e-01   4.8941827187397948e+03   4.8916238403852230e+03
   1.5367714754544706e-01   4.8962486931264239e+03   4.8936887243490046e+03
   1.5354774824658343e-01   4.8983146857356833e+03   4.8957536265178978e+03
   1.5341834894771980e-01   4.9003806965669028e+03   4.8978185468912316e+03
   1.5328894964885617e-01   4.9024467256194084e+03   4.8998834854683337e+03
   1.5315955034999254e-01   4.9045127728925327e+03   4.9019484422485357e+03
   1.5303015105112891e-01   4.9065788383855997e+03   4.9040134172311664e+03
   1.5290075175226528e-01   4.9086449220979403e+03   4.9060784104155555e+03
   1.5277135245340168e-01   4.9107110240288821e+03   4.9081434218010318e+03
   1.5264195315453805e-01   4.9127771441777522e+03   4.9102084513869240e+03
   1.5251255385567442e-01   4.9148432825438822e+03   4.9122734991725629e+03
   1.5238315455681078e-01   4.9169094391265990e+03   4.9143385651572780e+03
   1.5225375525794715e-01   4.9189756139252286e+03   4.9164036493403974e+03
   1.5212435595908352e-01   4.9210418069391035e+03   4.9184687517212515e+03
   1.5199495666021989e-01   4.9231080181675488e+03   4.9205338722991701e+03
   1.5186555736135626e-01   4.9251742476098934e+03   4.9225990110734820e+03
   1.5173615806249263e-01   4.9272404952654679e+03   4.9246641680435168e+03
   1.5160675876362900e-01   4.9293067611335991e+03   4.9267293432086062e+03
   1.5147735946476540e-01   4.9313730452136151e+03   4.9287945365680753e+03
   1.5134796016590177e-01   4.9334393475048455e+03   4.9308597481212573e+03
   1.5121856086703814e-01   4.9355056680066182e+03   4.9329249778674784e+03
   1.5108916156817451e-01   4.9375720067182629e+03   4.9349902258060720e+03
   1.5095976226931088e-01   4.9396383636391056e+03   4.9370554919363649e+03
   1.5083036297044725e-01   4.9417047387684761e+03   4.9391207762576860e+03
   1.5070096367158362e-01   4.9437711321057041e+03   4.9411860787693695e+03
   1.5057156437272001e-01   4.9458375436501155e+03   4.9432513994707379e+03
   1.5044216507385635e-01   4.9479039734010412e+03   4.9453167383611271e+03
   1.5031276577499275e-01   4.9499704213578088e+03   4.9473820954398652e+03
   1.5018336647612912e-01   4.9520368875197455e+03   4.9494474707062782e+03
   1.5005396717726549e-01   4.9541033718861836e+03   4.9515128641596993e+03
   1.4992456787840186e-01   4.9561698744564492e+03   4.9535782757994566e+03
   1.4966574791618056e-01   4.9582363952298683e+03   4.9556437056248806e+03
   1.4940692795395930e-01   4.9603029342057735e+03   4.9577091536353009e+03
   1.4914810799173797e-01   4.9623694913834934e+03   4.9597746198300456e+03
   1.4888928802951670e-01   4.9644360667623523e+03   4.9618401042084470e+03
   1.4863046806729543e-01   4.9665026603416836e+03   4.9639056067698311e+03
   1.4837164810507414e-01   4.9685692721208134e+03   4.9659711275135305e+03
   1.4811282814285284e-01   4.9706359020990694e+03   4.9680366664388748e+03
   1.4785400818063155e-01   4.9727025502757842e+03   4.9701022235451910e+03
   1.4759518821841028e-01   4.9747692166502820e+03   4.9721677988318124e+03
   1.4733636825618898e-01   4.9768359012218953e+03   4.9742333922980652e+03
   1.4707754829396769e-01   4.9789026039899491e+03   4.9762990039432825e+03
   1.4681872833174642e-01   4.9809693249537750e+03   4.9783646337667915e+03
   1.4655990836952509e-01   4.9830360641126999e+03   4.9804302817679209e+03
   1.4630108840730383e-01   4.9851028214660528e+03   4.9824959479460049e+03
   1.4604226844508253e-01   4.9871695970131623e+03   4.9845616323003687e+03
   1.4578344848286123e-01   4.9892363907533572e+03   4.9866273348303457e+03
   1.4552462852063994e-01   4.9913032026859692e+03   4.9886930555352619e+03
   1.4526580855841867e-01   4.9933700328103205e+03   4.9907587944144498e+03
   1.4500698859619737e-01   4.9954368811257445e+03   4.9928245514672371e+03
   1.4474816863397610e-01   4.9975037476315701e+03   4.9948903266929556e+03
   1.4448934867175481e-01   4.9995706323271233e+03   4.9969561200909347e+03
   1.4423052870953351e-01   5.0016375352117357e+03   4.9990219316605035e+03
   1.4397170874731224e-01   5.0037044562847332e+03   5.0010877614009905e+03
   1.4371288878509092e-01   5.0057713955454474e+03   5.0031536093117275e+03
   1.4345406882286965e-01   5.0078383529932044e+03   5.0052194753920439e+03
   1.4319524886064838e-01   5.0099053286273365e+03   5.0072853596412706e+03
   1.4293642889842709e-01   5.0119723224471682e+03   5.0093512620587353e+03
   1.4267760893620579e-01   5.0140393344520317e+03   5.0114171826437687e+03
   1.4241878897398449e-01   5.0161063646412531e+03   5.0134831213957013e+03
   1.4215996901176320e-01   5.0181734130141640e+03   5.0155490783138621e+03
   1.4190114904954193e-01   5.0202404795700913e+03   5.0176150533975806e+03
   1.4164232908732063e-01   5.0223075643083648e+03   5.0196810466461875e+03
   1.4138350912509934e-01   5.0243746672283132e+03   5.0217470580590134e+03
   1.4112468916287807e-01   5.0264417883292635e+03   5.0238130876353853e+03
   1.4086586920065677e-01   5.0285089276105464e+03   5.0258791353746365e+03
   1.4060704923843548e-01   5.0305760850714923e+03   5.0279452012760948e+03
   1.4034822927621418e-01   5.0326432607114257e+03   5.0300112853390910e+03
   1.4008940931399291e-01   5.0347104545296797e+03   5.0320773875629566e+03
   1.3983058935177162e-01   5.0367776665255806e+03   5.0341435079470157e+03
   1.3957176938955032e-01   5.0388448966984588e+03   5.0362096464906053e+03
   1.3931294942732902e-01   5.0409121450476423e+03   5.0382758031930525e+03
   1.3905412946510776e-01   5.0429794115724599e+03   5.0403419780536851e+03
   1.3879530950288646e-01   5.0450466962722421e+03   5.0424081710718365e+03
   1.3853648954066516e-01   5.0471139991463160e+03   5.0444743822468345e+03
   1.3827766957844390e-01   5.0491813201940113e+03   5.0465406115780079e+03
   1.3801884961622260e-01   5.0512486594146567e+03   5.0486068590646919e+03
   1.3776002965400130e-01   5.0533160168075819e+03   5.0506731247062107e+03
   1.3750120969178001e-01   5.0553833923721149e+03   5.0527394085018987e+03
   1.3724238972955874e-01   5.0574507861075854e+03   5.0548057104510835e+03
   1.3698356976733744e-01   5.0595181980133211e+03   5.0568720305530951e+03
   1.3664365097869915e-01   5.0615856280886537e+03   5.0589383688072639e+03
   1.3630373219006087e-01   5.0636530763329092e+03   5.0610047252129198e+03
   1.3596381340142258e-01   5.0657205427454164e+03   5.0630710997693950e+03
   1.3562389461278432e-01   5.0677880273255096e+03   5.0651374924760166e+03
   1.3528397582414606e-01   5.0698555300725111e+03   5.0672039033321153e+03
   1.3494405703550777e-01   5.0719230509857543e+03   5.0692703323370224e+03
   1.3460413824686948e-01   5.0739905900645654e+03   5.0713367794900660e+03
   1.3426421945823119e-01   5.0760581473082757e+03   5.0734032447905784e+03
   1.3392430066959293e-01   5.0781257227162123e+03   5.0754697282378893e+03
   1.3358438188095464e-01   5.0801933162877076e+03   5.0775362298313275e+03
   1.3324446309231638e-01   5.0822609280220895e+03   5.0796027495702228e+03
   1.3290454430367810e-01   5.0843285579186822e+03   5.0816692874539085e+03
   1.3256462551503981e-01   5.0863962059768219e+03   5.0837358434817133e+03
   1.3222470672640152e-01   5.0884638721958327e+03   5.0858024176529661e+03
   1.3188478793776326e-01   5.0905315565750461e+03   5.0878690099669966e+03
   1.3154486914912497e-01   5.0925992591137920e+03   5.0899356204231381e+03
   1.3120495036048668e-01   5.0946669798113971e+03   5.0920022490207148e+03
   1.3086503157184842e-01   5.0967347186671923e+03   5.0940688957590646e+03
   1.3052511278321013e-01   5.0988024756805053e+03   5.0961355606375146e+03
   1.3018519399457185e-01   5.1008702508506667e+03   5.0982022436553916e+03
   1.2984527520593359e-01   5.1029380441770045e+03   5.1002689448120282e+03
   1.2950535641729530e-01   5.1050058556588501e+03   5.1023356641067594e+03
   1.2916543762865701e-01   5.1070736852955306e+03   5.1044024015389077e+03
   1.2882551884001875e-01   5.1091415330863747e+03   5.1064691571078065e+03
   1.2848560005138046e-01   5.1112093990307148e+03   5.1085359308127881e+03
   1.2814568126274217e-01   5.1132772831278753e+03   5.1106027226531787e+03
   1.2780576247410388e-01   5.1153451853771903e+03   5.1126695326283125e+03
   1.2746584368546562e-01   5.1174131057779850e+03   5.1147363607375182e+03
   1.2712592489682734e-01   5.1194810443295919e+03   5.1168032069801247e+03
   1.2678600610818905e-01   5.1215490010313379e+03   5.1188700713554654e+03
   1.2644608731955079e-01   5.1236169758825536e+03   5.1209369538628680e+03
   1.2610616853091250e-01   5.1256849688825678e+03   5.1230038545016632e+03
   1.2576624974227424e-01   5.1277529800307120e+03   5.1250707732711826e+03
   1.2542633095363592e-01   5.1298210093263106e+03   5.1271377101707558e+03
   1.2508641216499766e-01   5.1318890567686976e+03   5.1292046651997134e+03
   1.2474649337635937e-01   5.1339571223572002e+03   5.1312716383573861e+03
   1.2440657458772110e-01   5.1360252060911471e+03   5.1333386296430999e+03
   1.2406665579908281e-01   5.1380933079698698e+03   5.1354056390561927e+03
   1.2372673701044454e-01   5.1401614279926953e+03   5.1374726665959897e+03
   1.2338681822180625e-01   5.1422295661589542e+03   5.1395397122618233e+03
   1.2304689943316799e-01   5.1442977224679771e+03   5.1416067760530241e+03
   1.2270698064452970e-01   5.1463658969190901e+03   5.1436738579689190e+03
   1.2236706185589141e-01   5.1484340895116256e+03   5.1457409580088442e+03
   1.2202714306725315e-01   5.1505023002449125e+03   5.1478080761721249e+03
   1.2168722427861486e-01   5.1525705291182785e+03   5.1498752124580951e+03
   1.2134730548997658e-01   5.1546387761310561e+03   5.1519423668660829e+03
   1.2100738670133830e-01   5.1567070412825697e+03   5.1540095393954216e+03
   1.2066746791270003e-01   5.1587753245721551e+03   5.1560767300454390e+03
   1.2032754912406175e-01   5.1608436259991377e+03   5.1581439388154649e+03
   1.1998763033542346e-01   5.1629119455628461e+03   5.1602111657048326e+03
   1.1962028282392628e-01   5.1649802832626119e+03   5.1622784107128718e+03
   1.1925293531242910e-01   5.1670486390977658e+03   5.1643456738389132e+03
   1.1888558780093192e-01   5.1691170130676337e+03   5.1664129550822854e+03
   1.1851824028943475e-01   5.1711854051715472e+03   5.1684802544423210e+03
   1.1815089277793758e-01   5.1732538154088370e+03   5.1705475719183496e+03
   1.1778354526644040e-01   5.1753222437788290e+03   5.1726149075097019e+03
   1.1741619775494322e-01   5.1773906902808567e+03   5.1746822612157084e+03
   1.1704885024344604e-01   5.1794591549142469e+03   5.1767496330356989e+03
   1.1668150273194887e-01   5.1815276376783313e+03   5.1788170229690049e+03
   1.1631415522045169e-01   5.1835961385724386e+03   5.1808844310149598e+03
   1.1594680770895451e-01   5.1856646575958966e+03   5.1829518571728886e+03
   1.1557946019745732e-01   5.1877331947480370e+03   5.1850193014421266e+03
   1.1521211268596014e-01   5.1898017500281885e+03   5.1870867638220006e+03
   1.1484476517446297e-01   5.1918703234356799e+03   5.1891542443118433e+03
   1.1447741766296578e-01   5.1939389149698436e+03   5.1912217429109878e+03
   1.1411007015146860e-01   5.1960075246300066e+03   5.1932892596187594e+03
   1.1374272263997143e-01   5.1980761524154996e+03   5.1953567944344932e+03
   1.1337537512847426e-01   5.2001447983256530e+03   5.1974243473575170e+03
   1.1300802761697708e-01   5.2022134623597940e+03   5.1994919183871634e+03
   1.1264068010547990e-01   5.2042821445172549e+03   5.2015595075227639e+03
   1.1227333259398273e-01   5.2063508447973636e+03   5.2036271147636471e+03
   1.1190598508248556e-01   5.2084195631994507e+03   5.2056947401091420e+03
   1.1153863757098836e-01   5.2104882997228442e+03   5.2077623835585837e+03
   1.1117129005949120e-01   5.2125570543668764e+03   5.2098300451112991e+03
   1.1080394254799400e-01   5.2146258271308752e+03   5.2118977247666226e+03
   1.1043659503649683e-01   5.2166946180141722e+03   5.2139654225238819e+03
   1.1006924752499965e-01   5.2187634270160934e+03   5.2160331383824096e+03
   1.0970190001350247e-01   5.2208322541359748e+03   5.2181008723415371e+03
   1.0933455250200530e-01   5.2229010993731399e+03   5.2201686244005923e+03
   1.0896720499050810e-01   5.2249699627269201e+03   5.2222363945589077e+03
   1.0859985747901094e-01   5.2270388441966479e+03   5.2243041828158148e+03
   1.0823250996751375e-01   5.2291077437816493e+03   5.2263719891706423e+03
   1.0786516245601657e-01   5.2311766614812559e+03   5.2284398136227237e+03
   1.0749781494451940e-01   5.2332455972947992e+03   5.2305076561713877e+03
   1.0713046743302221e-01   5.2353145512216070e+03   5.2325755168159676e+03
   1.0676311992152504e-01   5.2373835232610090e+03   5.2346433955557914e+03
   1.0639577241002787e-01   5.2394525134123351e+03   5.2367112923901905e+03
   1.0602842489853068e-01   5.2415215216749157e+03   5.2387792073184983e+03
   1.0566107738703351e-01   5.2435905480480815e+03   5.2408471403400426e+03
   1.0529372987553634e-01   5.2456595925311594e+03   5.2429150914541551e+03
   1.0492638236403914e-01   5.2477286551234829e+03   5.2449830606601681e+03
   1.0455903485254198e-01   5.2497977358243807e+03   5.2470510479574114e+03
   1.0419168734104481e-01   5.2518668346331806e+03   5.2491190533452163e+03
   1.0382433982954761e-01   5.2539359515492142e+03   5.2511870768229146e+03
   1.0345699231805044e-01   5.2560050865718131e+03   5.2532551183898340e+03
   1.0308964480655325e-01   5.2580742397003032e+03   5.2553231780453089e+03
   1.0272229729505608e-01   5.2601434109340189e+03   5.2573912557886688e+03
   1.0235494978355891e-01   5.2622126002722880e+03   5.2594593516192463e+03
   1.0198760227206172e-01   5.2642818077144384e+03   5.2615274655363683e+03
   1.0162025476056455e-01   5.2663510332598025e+03   5.2635955975393717e+03
   1.0126855080588905e-01   5.2684202769077101e+03   5.2656637476275819e+03
   1.0091684685121356e-01   5.2704895386574899e+03   5.2677319158003338e+03
   1.0056514289653806e-01   5.2725588185084762e+03   5.2698001020569573e+03
   1.0021343894186258e-01   5.2746281164599932e+03   5.2718683063967828e+03
   9.9861734987187090e-02   5.2766974325113733e+03   5.2739365288191411e+03
   9.9510031032511589e-02   5.2787667666619491e+03   5.2760047693233646e+03
   9.9158327077836103e-02   5.2808361189110465e+03   5.2780730279087829e+03
   9.8806623123160603e-02   5.2829054892579979e+03   5.2801413045747286e+03
   9.8454919168485117e-02   5.2849748777021332e+03   5.2822095993205321e+03
   9.8103215213809630e-02   5.2870442842427819e+03   5.2842779121455242e+03
   9.7751511259134130e-02   5.2891137088792721e+03   5.2863462430490363e+03
   9.7399807304458630e-02   5.2911831516109378e+03   5.2884145920303999e+03
   9.7048103349783144e-02   5.2932526124371070e+03   5.2904829590889467e+03
   9.6696399395107657e-02   5.2953220913571104e+03   5.2925513442240053e+03
   9.6344695440432143e-02   5.2973915883702775e+03   5.2946197474349092e+03
   9.5992991485756657e-02   5.2994611034759409e+03   5.2966881687209898e+03
   9.5641287531081171e-02   5.3015306366734249e+03   5.2987566080815759e+03
   9.5289583576405670e-02   5.3036001879620653e+03   5.3008250655160000e+03
   9.4937879621730198e-02   5.3056697573411921e+03   5.3028935410235954e+03
   9.4586175667054684e-02   5.3077393448101320e+03   5.3049620346036900e+03
   9.4234471712379211e-02   5.3098089503682177e+03   5.3070305462556171e+03
   9.3882767757703711e-02   5.3118785740147787e+03   5.3090990759787064e+03
   9.3531063803028225e-02   5.3139482157491439e+03   5.3111676237722895e+03
   9.3179359848352725e-02   5.3160178755706465e+03   5.3132361896356997e+03
   9.2827655893677224e-02   5.3180875534786146e+03   5.3153047735682667e+03
   9.2475951939001738e-02   5.3201572494723778e+03   5.3173733755693211e+03
   9.2124247984326252e-02   5.3222269635512694e+03   5.3194419956381962e+03
   9.1772544029650752e-02   5.3242966957146173e+03   5.3215106337742200e+03
   9.1420840074975265e-02   5.3263664459617512e+03   5.3235792899767284e+03
   9.1069136120299765e-02   5.3284362142920036e+03   5.3256479642450486e+03
   9.0717432165624279e-02   5.3305060007047023e+03   5.3277166565785128e+03
   9.0365728210948779e-02   5.3325758051991806e+03   5.3297853669764545e+03
   9.0014024256273292e-02   5.3346456277747666e+03   5.3318540954382033e+03
   8.9662320301597792e-02   5.3367154684307898e+03   5.3339228419630908e+03
   8.9310616346922306e-02   5.3387853271665854e+03   5.3359916065504485e+03
   8.8958912392246819e-02   5.3408552039814776e+03   5.3380603891996088e+03
   8.8607208437571319e-02   5.3429250988748008e+03   5.3401291899099006e+03
   8.8255504482895833e-02   5.3449950118458819e+03   5.3421980086806570e+03
   8.7903800528220333e-02   5.3470649428940551e+03   5.3442668455112107e+03
   8.7552096573544846e-02   5.3491348920186510e+03   5.3463357004008922e+03
   8.7200392618869360e-02   5.3512048592189949e+03   5.3484045733490293e+03
   8.6848688664193860e-02   5.3532748444944227e+03   5.3504734643549582e+03
   8.6496984709518360e-02   5.3553448478442633e+03   5.3525423734180094e+03
   8.6145280754842873e-02   5.3574148692678446e+03   5.3546113005375128e+03
   8.5793576800167373e-02   5.3594849087644989e+03   5.3566802457128024e+03
   8.5441872845491887e-02   5.3615549663335587e+03   5.3587492089432071e+03
   8.5090168890816401e-02   5.3636250419743501e+03   5.3608181902280594e+03
   8.4738464936140900e-02   5.3656951356862082e+03   5.3628871895666907e+03
   8.4386760981465414e-02   5.3677652474684601e+03   5.3649562069584335e+03
   8.4035057026789914e-02   5.3698353773204381e+03   5.3670252424026185e+03
   8.3727503276130516e-02   5.3719055252414710e+03   5.3690942958985761e+03
   8.3419949525471118e-02   5.3739756912308931e+03   5.3711633674456407e+03
   8.3112395774811720e-02   5.3760458752880304e+03   5.3732324570431419e+03
   8.2804842024152336e-02   5.3781160774122163e+03   5.3753015646904123e+03
   8.2497288273492939e-02   5.3801862976027796e+03   5.3773706903867815e+03
   8.2189734522833541e-02   5.3822565358590509e+03   5.3794398341315837e+03
   8.1882180772174143e-02   5.3843267921803645e+03   5.3815089959241486e+03
   8.1574627021514745e-02   5.3863970665660472e+03   5.3835781757638097e+03
   8.1267073270855347e-02   5.3884673590154289e+03   5.3856473736498965e+03
   8.0959519520195949e-02   5.3905376695278437e+03   5.3877165895817416e+03
   8.0651965769536565e-02   5.3926079981026196e+03   5.3897858235586773e+03
   8.0344412018877168e-02   5.3946783447390881e+03   5.3918550755800352e+03
   8.0036858268217756e-02   5.3967487094365815e+03   5.3939243456451459e+03
   7.9729304517558358e-02   5.3988190921944279e+03   5.3959936337533427e+03
   7.9421750766898974e-02   5.4008894930119595e+03   5.3980629399039553e+03
   7.9114197016239576e-02   5.4029599118885062e+03   5.4001322640963190e+03
   7.8806643265580179e-02   5.4050303488233967e+03   5.4022016063297597e+03
   7.8499089514920781e-02   5.4071008038159689e+03   5.4042709666036144e+03
   7.8191535764261383e-02   5.4091712768655461e+03   5.4063403449172120e+03
   7.7883982013601999e-02   5.4112417679714599e+03   5.4084097412698875e+03
   7.7576428262942601e-02   5.4133122771330445e+03   5.4104791556609698e+03
   7.7268874512283203e-02   5.4153828043496296e+03   5.4125485880897895e+03
   7.6961320761623819e-02   5.4174533496205422e+03   5.4146180385556809e+03
   7.6653767010964408e-02   5.4195239129451184e+03   5.4166875070579763e+03
   7.6346213260305010e-02   5.4215944943226878e+03   5.4187569935960064e+03
   7.6038659509645612e-02   5.4236650937525783e+03   5.4208264981691027e+03
   7.5731105758986214e-02   5.4257357112341242e+03   5.4228960207765977e+03
   7.5423552008326816e-02   5.4278063467666543e+03   5.4249655614178237e+03
   7.5115998257667432e-02   5.4298770003494992e+03   5.4270351200921114e+03
   7.4808444507008021e-02   5.4319476719819922e+03   5.4291046967987932e+03
   7.4500890756348637e-02   5.4340183616634622e+03   5.4311742915372006e+03
   7.4193337005689239e-02   5.4360890693932370e+03   5.4332439043066661e+03
   7.3885783255029841e-02   5.4381597951706544e+03   5.4353135351065221e+03
   7.3578229504370443e-02   5.4402305389950416e+03   5.4373831839360982e+03
   7.3270675753711045e-02   5.4423013008657272e+03   5.4394528507947298e+03
   7.2963122003051661e-02   5.4443720807820464e+03   5.4415225356817473e+03
   7.2655568252392250e-02   5.4464428787433289e+03   5.4435922385964832e+03
   7.2348014501732866e-02   5.4485136947489045e+03   5.4456619595382681e+03
   7.2040460751073454e-02   5.4505845287981047e+03   5.4477316985064344e+03
   7.1732907000414070e-02   5.4526553808902627e+03   5.4498014555003156e+03
   7.1425353249754672e-02   5.4547262510247037e+03   5.4518712305192403e+03
   7.1117799499095274e-02   5.4567971392007648e+03   5.4539410235625455e+03
   7.0810245748435877e-02   5.4588680454177756e+03   5.4560108346295601e+03
   7.0502691997776479e-02   5.4609389696750650e+03   5.4580806637196147e+03
   7.0195138247117095e-02   5.4630099119719634e+03   5.4601505108320453e+03
   6.9887584496457697e-02   5.4650808723078062e+03   5.4622203759661825e+03
   6.9580030745798285e-02   5.4671518506819220e+03   5.4642902591213569e+03
   6.9272476995138901e-02   5.4692228470936398e+03   5.4663601602969011e+03
   6.8964923244479504e-02   5.4712938615422927e+03   5.4684300794921483e+03
   6.8657369493820106e-02   5.4733648940272124e+03   5.4705000167064281e+03
   6.8414990915336343e-02   5.4754359445477312e+03   5.4725699719390777e+03
   6.8172612336852581e-02   5.4775070131031753e+03   5.4746399451894258e+03
   6.7930233758368805e-02   5.4795780996928816e+03   5.4767099364568030e+03
   6.7687855179885056e-02   5.4816492043161770e+03   5.4787799457405445e+03
   6.7445476601401294e-02   5.4837203269723959e+03   5.4808499730399808e+03
   6.7203098022917518e-02   5.4857914676608671e+03   5.4829200183544453e+03
   6.6960719444433756e-02   5.4878626263809219e+03   5.4849900816832705e+03
   6.6718340865949993e-02   5.4899338031318930e+03   5.4870601630257870e+03
   6.6475962287466231e-02   5.4920049979131090e+03   5.4891302623813281e+03
   6.6233583708982469e-02   5.4940762107239052e+03   5.4912003797492262e+03
   6.5991205130498706e-02   5.4961474415636094e+03   5.4932705151288119e+03
   6.5748826552014944e-02   5.4982186904315549e+03   5.4953406685194195e+03
   6.5506447973531182e-02   5.5002899573270706e+03   5.4974108399203815e+03
   6.5264069395047419e-02   5.5023612422494907e+03   5.4994810293310275e+03
   6.5021690816563643e-02   5.5044325451981440e+03   5.5015512367506935e+03
   6.4779312238079881e-02   5.5065038661723638e+03   5.5036214621787085e+03
   6.4536933659596118e-02   5.5085752051714790e+03   5.5056917056144066e+03
   6.4294555081112356e-02   5.5106465621948228e+03   5.5077619670571194e+03
   6.4052176502628594e-02   5.5127179372417277e+03   5.5098322465061801e+03
   6.3809797924144832e-02   5.5147893303115216e+03   5.5119025439609195e+03
   6.3567419345661069e-02   5.5168607414035368e+03   5.5139728594206736e+03
   6.3325040767177307e-02   5.5189321705171078e+03   5.5160431928847702e+03
   6.3082662188693545e-02   5.5210036176515623e+03   5.5181135443525445e+03
   6.2840283610209782e-02   5.5230750828062328e+03   5.5201839138233281e+03
   6.2597905031726020e-02   5.5251465659804535e+03   5.5222543012964543e+03
   6.2355526453242258e-02   5.5272180671735523e+03   5.5243247067712527e+03
   6.2113147874758488e-02   5.5292895863848607e+03   5.5263951302470614e+03
   6.1870769296274719e-02   5.5313611236137112e+03   5.5284655717232072e+03
   6.1628390717790971e-02   5.5334326788594362e+03   5.5305360311990262e+03
   6.1386012139307201e-02   5.5355042521213645e+03   5.5326065086738481e+03
   6.1143633560823432e-02   5.5375758433988303e+03   5.5346770041470081e+03
   6.0901254982339670e-02   5.5396474526911652e+03   5.5367475176178350e+03
   6.0658876403855908e-02   5.5417190799976979e+03   5.5388180490856666e+03
   6.0416497825372145e-02   5.5437907253177636e+03   5.5408885985498318e+03
   6.0174119246888383e-02   5.5458623886506903e+03   5.5429591660096630e+03
   5.9931740668404614e-02   5.5479340699958093e+03   5.5450297514644953e+03
   5.9689362089920858e-02   5.5500057693524577e+03   5.5471003549136594e+03
   5.9446983511437096e-02   5.5520774867199607e+03   5.5491709763564868e+03
   5.9204604932953327e-02   5.5541492220976543e+03   5.5512416157923117e+03
   5.8962226354469557e-02   5.5562209754848673e+03   5.5533122732204702e+03
   5.8719847775985802e-02   5.5582927468809321e+03   5.5553829486402874e+03
   5.8477469197502033e-02   5.5603645362851812e+03   5.5574536420511004e+03
   5.8235090619018270e-02   5.5624363436969461e+03   5.5595243534522415e+03
   5.7992712040534508e-02   5.5645081691155574e+03   5.5615950828430468e+03
   5.7750333462050746e-02   5.5665800125403475e+03   5.5636658302228416e+03
   5.7507954883566983e-02   5.5686518739706471e+03   5.5657365955909654e+03
   5.7265576305083214e-02   5.5707237534057895e+03   5.5678073789467453e+03
   5.7023197726599459e-02   5.5727956508451043e+03   5.5698781802895173e+03
   5.6780819148115690e-02   5.5748675662879250e+03   5.5719489996186139e+03
   5.6538440569631927e-02   5.5769394997335821e+03   5.5740198369333684e+03
   5.6296061991148165e-02   5.5790114511814099e+03   5.5760906922331123e+03
   5.6053683412664396e-02   5.5810834206307372e+03   5.5781615655171800e+03
   5.5811304834180640e-02   5.5831554080808974e+03   5.5802324567849009e+03
   5.5568926255696871e-02   5.5852274135312218e+03   5.5823033660356095e+03
   5.5326547677213109e-02   5.5872994369810413e+03   5.5843742932686400e+03
   5.5084169098729339e-02   5.5893714784296890e+03   5.5864452384833248e+03
   5.4841790520245577e-02   5.5914435378764956e+03   5.5885162016789955e+03
   5.4599411941761822e-02   5.5935156153207936e+03   5.5905871828549871e+03
   5.4357033363278059e-02   5.5955877107619162e+03   5.5926581820106303e+03
   5.4114654784794297e-02   5.5976598241991933e+03   5.5947291991452594e+03
   5.3872276206310528e-02   5.5997319556319580e+03   5.5968002342582058e+03
   5.3629897627826759e-02   5.6018041050595421e+03   5.5988712873488039e+03
   5.3387519049342996e-02   5.6038762724812750e+03   5.6009423584163842e+03
   5.3145140470859234e-02   5.6059484578964903e+03   5.6030134474602837e+03
   5.2902761892375472e-02   5.6080206613045220e+03   5.6050845544798331e+03
   5.2660383313891716e-02   5.6100928827046992e+03   5.6071556794743647e+03
   5.2418004735407947e-02   5.6121651220963549e+03   5.6092268224432137e+03
   5.2175626156924185e-02   5.6142373794788209e+03   5.6112979833857089e+03
   5.1933247578440422e-02   5.6163096548514295e+03   5.6133691623011873e+03
   5.1690868999956660e-02   5.6183819482135123e+03   5.6154403591889813e+03
   5.1448490421472891e-02   5.6204542595644034e+03   5.6175115740484216e+03
   5.1206111842989122e-02   5.6225265889034317e+03   5.6195828068788442e+03
   5.0963733264505373e-02   5.6245989362299288e+03   5.6216540576795805e+03
   5.0721354686021604e-02   5.6266713015432297e+03   5.6237253264499641e+03
   5.0478976107537842e-02   5.6287436848426660e+03   5.6257966131893263e+03
